[

{
  "type" : "recipe",
  "result": "brasssheet",
  "category": "CC_AMMO",
  "subcategory": "CSC_AMMO_COMPONENTS",
  "skill_used": "fabrication",
  "difficulty": 4,
  "time": 30000,
  "batch_time_factors":[100, 20],  
  "autolearn": true,
  "tools": [
     [ [ "tongs", -1 ] ],
     [ [ "swage", -1 ] ],
     [ [ "anvil", -1 ] ],
     [ [ "press", -1 ] ],
     [ [ "crucible", -1], ["crucible_clay", -1 ] ],
     [ [ "forge", 50 ] ],
     [ [ "polisher", 50 ] ] ],
  "components":
     [ [
     [ "223_casing",  20 ],
     [ "22_casing",  50 ],
     [ "3006_casing",  15 ],
     [ "300_casing",  15 ],
     [ "308_casing",  17 ],
     [ "32_casing",  50 ],
     [ "38_casing",  34 ],
     [ "40_casing",  34 ],
     [ "44_casing",  25 ],
     [ "454_casing",  15 ],
     [ "45_casing",  25 ],
     [ "46mm_casing",  50 ],
     [ "500_casing",  15 ],
     [ "50_casing",  6 ],
     [ "545_casing",  25 ],
     [ "57mm_casing",  50 ],
     [ "700nx_casing",  6 ],
     [ "762R_casing",  15 ],
     [ "762_casing",  17 ],
     [ "762_25_casing",  25 ],
     [ "9mm_casing",  34 ],
     [ "9x18mm_casing",  34 ]
     ] ]
},

{
  "type" : "recipe",
  "result": "brasssheet",
  "id_suffix": "from_powder",
  "category": "CC_AMMO",
  "subcategory": "CSC_AMMO_COMPONENTS",
  "skill_used": "fabrication",
  "difficulty": 4,
  "time": 30000,
  "batch_time_factors":[100, 10],  
  "autolearn": true,
  "tools": [
     [ [ "tongs", -1 ] ],
     [ [ "swage", -1 ] ],
     [ [ "anvil", -1 ] ],
     [ [ "press", -1 ] ],
     [ [ "crucible", -1], ["crucible_clay", -1 ] ],
     [ [ "forge", 50 ] ],
     [ [ "polisher", 50 ] ] ],
  "components":
     [
     [ ["copper", 35 ] ],
     [ [ "chem_zinc_powder", 4 ] ]
     ]
},

   { "result": "223_casing", "byproducts": [ [ "223_casing", 19 ] ], "components": [ [ [ "brasssheet", 1 ] ] ], "type" : "recipe", "category": "CC_AMMO", "subcategory": "CSC_AMMO_COMPONENTS", "skill_used": "fabrication", "skills_required": [ "gun", 4 ], "difficulty": 8, "time": 30000, "autolearn": true, "book_learn": [ [ "textbook_anarch", 4 ] , [ "recipe_bullets" , 7 ] ], "qualities":[ { "id":"SAW_M","level": 1 } ], "tools": [ [ [ "swage", -1 ] ], [ [ "press", -1 ] ], [ [ "large_repairkit", 10 ] ] ] },
   { "result": "22_casing", "byproducts": [ [ "22_casing", 49 ] ], "components": [ [ [ "brasssheet", 1 ] ] ], "type" : "recipe", "category": "CC_AMMO", "subcategory": "CSC_AMMO_COMPONENTS", "skill_used": "fabrication", "skills_required": [ "gun", 4 ], "difficulty": 8, "time": 30000, "autolearn": true, "book_learn": [ [ "textbook_anarch", 4 ] , [ "recipe_bullets" , 7 ] ], "qualities":[ { "id":"SAW_M","level": 1 } ], "tools": [ [ [ "swage", -1 ] ], [ [ "press", -1 ] ], [ [ "large_repairkit", 10 ] ] ] },
   { "result": "22_casing", "byproducts": [ [ "22_casing", 49 ] ], "components": [ [ [ "brasssheet", 1 ] ] ], "type" : "recipe", "category": "CC_AMMO", "subcategory": "CSC_AMMO_COMPONENTS", "skill_used": "fabrication", "skills_required": [ "gun", 4 ], "difficulty": 8, "time": 30000, "autolearn": true, "book_learn": [ [ "textbook_anarch", 4 ] , [ "recipe_bullets" , 7 ] ], "qualities":[ { "id":"SAW_M","level": 1 } ], "tools": [ [ [ "swage", -1 ] ], [ [ "press", -1 ] ], [ [ "large_repairkit", 10 ] ] ] },   
   { "result": "3006_casing", "byproducts": [ [ "3006_casing", 14 ] ], "components": [ [ [ "brasssheet", 1 ] ] ], "type" : "recipe", "category": "CC_AMMO", "subcategory": "CSC_AMMO_COMPONENTS", "skill_used": "fabrication", "skills_required": [ "gun", 4 ], "difficulty": 8, "time": 30000, "autolearn": true, "book_learn": [ [ "textbook_anarch", 4 ] , [ "recipe_bullets" , 7 ] ], "qualities":[ { "id":"SAW_M","level": 1 } ], "tools": [ [ [ "swage", -1 ] ], [ [ "press", -1 ] ], [ [ "large_repairkit", 10 ] ] ] },
   { "result": "300_casing", "byproducts": [ [ "300_casing", 14 ] ], "components": [ [ [ "brasssheet", 1 ] ] ], "type" : "recipe", "category": "CC_AMMO", "subcategory": "CSC_AMMO_COMPONENTS", "skill_used": "fabrication", "skills_required": [ "gun", 4 ], "difficulty": 8, "time": 30000, "autolearn": true, "book_learn": [ [ "textbook_anarch", 4 ] , [ "recipe_bullets" , 7 ] ], "qualities":[ { "id":"SAW_M","level": 1 } ], "tools": [ [ [ "swage", -1 ] ], [ [ "press", -1 ] ], [ [ "large_repairkit", 10 ] ] ] },
   { "result": "308_casing", "byproducts": [ [ "308_casing", 16 ] ], "components": [ [ [ "brasssheet", 1 ] ] ], "type" : "recipe", "category": "CC_AMMO", "subcategory": "CSC_AMMO_COMPONENTS", "skill_used": "fabrication", "skills_required": [ "gun", 4 ], "difficulty": 8, "time": 30000, "autolearn": true, "book_learn": [ [ "textbook_anarch", 4 ] , [ "recipe_bullets" , 7 ] ], "qualities":[ { "id":"SAW_M","level": 1 } ], "tools": [ [ [ "swage", -1 ] ], [ [ "press", -1 ] ], [ [ "large_repairkit", 10 ] ] ] },
   { "result": "32_casing", "byproducts": [ [ "32_casing", 49 ] ], "components": [ [ [ "brasssheet", 1 ] ] ], "type" : "recipe", "category": "CC_AMMO", "subcategory": "CSC_AMMO_COMPONENTS", "skill_used": "fabrication", "skills_required": [ "gun", 4 ], "difficulty": 8, "time": 30000, "autolearn": true, "book_learn": [ [ "textbook_anarch", 4 ] , [ "recipe_bullets" , 7 ] ], "qualities":[ { "id":"SAW_M","level": 1 } ], "tools": [ [ [ "swage", -1 ] ], [ [ "press", -1 ] ], [ [ "large_repairkit", 10 ] ] ] },
   { "result": "357sig_casing", "byproducts": [ [ "357sig_casing", 33 ] ], "components": [ [ [ "brasssheet", 1 ] ] ], "type" : "recipe", "category": "CC_AMMO", "subcategory": "CSC_AMMO_COMPONENTS", "skill_used": "fabrication", "skills_required": [ "gun", 4 ], "difficulty": 8, "time": 30000, "autolearn": true, "book_learn": [ [ "textbook_anarch", 4 ] , [ "recipe_bullets" , 7 ] ], "qualities":[ { "id":"SAW_M","level": 1 } ], "tools": [ [ [ "swage", -1 ] ], [ [ "press", -1 ] ], [ [ "large_repairkit", 10 ] ] ] },
   { "result": "38_casing", "byproducts": [ [ "38_casing", 33 ] ], "components": [ [ [ "brasssheet", 1 ] ] ], "type" : "recipe", "category": "CC_AMMO", "subcategory": "CSC_AMMO_COMPONENTS", "skill_used": "fabrication", "skills_required": [ "gun", 4 ], "difficulty": 8, "time": 30000, "autolearn": true, "book_learn": [ [ "textbook_anarch", 4 ] , [ "recipe_bullets" , 7 ] ], "qualities":[ { "id":"SAW_M","level": 1 } ], "tools": [ [ [ "swage", -1 ] ], [ [ "press", -1 ] ], [ [ "large_repairkit", 10 ] ] ] },
   { "result": "40_casing", "byproducts": [ [ "40_casing", 33 ] ], "components": [ [ [ "brasssheet", 1 ] ] ], "type" : "recipe", "category": "CC_AMMO", "subcategory": "CSC_AMMO_COMPONENTS", "skill_used": "fabrication", "skills_required": [ "gun", 4 ], "difficulty": 8, "time": 30000, "autolearn": true, "book_learn": [ [ "textbook_anarch", 4 ] , [ "recipe_bullets" , 7 ] ], "qualities":[ { "id":"SAW_M","level": 1 } ], "tools": [ [ [ "swage", -1 ] ], [ [ "press", -1 ] ], [ [ "large_repairkit", 10 ] ] ] },
   { "result": "44_casing", "byproducts": [ [ "44_casing", 24 ] ], "components": [ [ [ "brasssheet", 1 ] ] ], "type" : "recipe", "category": "CC_AMMO", "subcategory": "CSC_AMMO_COMPONENTS", "skill_used": "fabrication", "skills_required": [ "gun", 4 ], "difficulty": 8, "time": 30000, "autolearn": true, "book_learn": [ [ "textbook_anarch", 4 ] , [ "recipe_bullets" , 7 ] ], "qualities":[ { "id":"SAW_M","level": 1 } ], "tools": [ [ [ "swage", -1 ] ], [ [ "press", -1 ] ], [ [ "large_repairkit", 10 ] ] ] },
   { "result": "454_casing", "byproducts": [ [ "454_casing", 14 ] ], "components": [ [ [ "brasssheet", 1 ] ] ], "type" : "recipe", "category": "CC_AMMO", "subcategory": "CSC_AMMO_COMPONENTS", "skill_used": "fabrication", "skills_required": [ "gun", 4 ], "difficulty": 8, "time": 30000, "autolearn": true, "book_learn": [ [ "textbook_anarch", 4 ] , [ "recipe_bullets" , 7 ] ], "qualities":[ { "id":"SAW_M","level": 1 } ], "tools": [ [ [ "swage", -1 ] ], [ [ "press", -1 ] ], [ [ "large_repairkit", 10 ] ] ] },
   { "result": "45_casing", "byproducts": [ [ "45_casing", 24 ] ], "components": [ [ [ "brasssheet", 1 ] ] ], "type" : "recipe", "category": "CC_AMMO", "subcategory": "CSC_AMMO_COMPONENTS", "skill_used": "fabrication", "skills_required": [ "gun", 4 ], "difficulty": 8, "time": 30000, "autolearn": true, "book_learn": [ [ "textbook_anarch", 4 ] , [ "recipe_bullets" , 7 ] ], "qualities":[ { "id":"SAW_M","level": 1 } ], "tools": [ [ [ "swage", -1 ] ], [ [ "press", -1 ] ], [ [ "large_repairkit", 10 ] ] ] },
   { "result": "46mm_casing", "byproducts": [ [ "46mm_casing", 49 ] ], "components": [ [ [ "brasssheet", 1 ] ] ], "type" : "recipe", "category": "CC_AMMO", "subcategory": "CSC_AMMO_COMPONENTS", "skill_used": "fabrication", "skills_required": [ "gun", 4 ], "difficulty": 8, "time": 30000, "autolearn": true, "book_learn": [ [ "textbook_anarch", 4 ] , [ "recipe_bullets" , 7 ] ], "qualities":[ { "id":"SAW_M","level": 1 } ], "tools": [ [ [ "swage", -1 ] ], [ [ "press", -1 ] ], [ [ "large_repairkit", 10 ] ] ] },
   { "result": "5x50_hull", "byproducts": [ [ "5x50_hull", 16 ] ], "components": [ [ [ "brasssheet", 1 ] ] ], "type" : "recipe", "category": "CC_AMMO", "subcategory": "CSC_AMMO_COMPONENTS", "skill_used": "fabrication", "skills_required": [ "gun", 4 ], "difficulty": 8, "time": 30000, "autolearn": true, "book_learn": [ [ "textbook_anarch", 4 ] , [ "recipe_bullets" , 7 ] ], "qualities":[ { "id":"SAW_M","level": 1 } ], "tools": [ [ [ "swage", -1 ] ], [ [ "press", -1 ] ], [ [ "large_repairkit", 10 ] ] ] },
   { "result": "500_casing", "byproducts": [ [ "500_casing", 14 ] ], "components": [ [ [ "brasssheet", 1 ] ] ], "type" : "recipe", "category": "CC_AMMO", "subcategory": "CSC_AMMO_COMPONENTS", "skill_used": "fabrication", "skills_required": [ "gun", 4 ], "difficulty": 8, "time": 30000, "autolearn": true, "book_learn": [ [ "textbook_anarch", 4 ] , [ "recipe_bullets" , 7 ] ], "qualities":[ { "id":"SAW_M","level": 1 } ], "tools": [ [ [ "swage", -1 ] ], [ [ "press", -1 ] ], [ [ "large_repairkit", 10 ] ] ] },
   { "result": "50_casing", "byproducts": [ [ "50_casing", 5 ] ], "components": [ [ [ "brasssheet", 1 ] ] ], "type" : "recipe", "category": "CC_AMMO", "subcategory": "CSC_AMMO_COMPONENTS", "skill_used": "fabrication", "skills_required": [ "gun", 4 ], "difficulty": 8, "time": 30000, "autolearn": true, "book_learn": [ [ "textbook_anarch", 4 ] , [ "recipe_bullets" , 7 ] ], "qualities":[ { "id":"SAW_M","level": 1 } ], "tools": [ [ [ "swage", -1 ] ], [ [ "press", -1 ] ], [ [ "large_repairkit", 10 ] ] ] },
   { "result": "545_casing", "byproducts": [ [ "545_casing", 24 ] ], "components": [ [ [ "brasssheet", 1 ] ] ], "type" : "recipe", "category": "CC_AMMO", "subcategory": "CSC_AMMO_COMPONENTS", "skill_used": "fabrication", "skills_required": [ "gun", 4 ], "difficulty": 8, "time": 30000, "autolearn": true, "book_learn": [ [ "textbook_anarch", 4 ] , [ "recipe_bullets" , 7 ] ], "qualities":[ { "id":"SAW_M","level": 1 } ], "tools": [ [ [ "swage", -1 ] ], [ [ "press", -1 ] ], [ [ "large_repairkit", 10 ] ] ] },
   { "result": "57mm_casing", "byproducts": [ [ "57mm_casing", 49 ] ], "components": [ [ [ "brasssheet", 1 ] ] ], "type" : "recipe", "category": "CC_AMMO", "subcategory": "CSC_AMMO_COMPONENTS", "skill_used": "fabrication", "skills_required": [ "gun", 4 ], "difficulty": 8, "time": 30000, "autolearn": true, "book_learn": [ [ "textbook_anarch", 4 ] , [ "recipe_bullets" , 7 ] ], "qualities":[ { "id":"SAW_M","level": 1 } ], "tools": [ [ [ "swage", -1 ] ], [ [ "press", -1 ] ], [ [ "large_repairkit", 10 ] ] ] },
   { "result": "700nx_casing", "byproducts": [ [ "700nx_casing", 5 ] ], "components": [ [ [ "brasssheet", 1 ] ] ], "type" : "recipe", "category": "CC_AMMO", "subcategory": "CSC_AMMO_COMPONENTS", "skill_used": "fabrication", "skills_required": [ "gun", 4 ], "difficulty": 8, "time": 30000, "autolearn": true, "book_learn": [ [ "textbook_anarch", 4 ] , [ "recipe_bullets" , 7 ] ], "qualities":[ { "id":"SAW_M","level": 1 } ], "tools": [ [ [ "swage", -1 ] ], [ [ "press", -1 ] ], [ [ "large_repairkit", 10 ] ] ] },
   { "result": "762R_casing", "byproducts": [ [ "762R_casing", 14 ] ], "components": [ [ [ "brasssheet", 1 ] ] ], "type" : "recipe", "category": "CC_AMMO", "subcategory": "CSC_AMMO_COMPONENTS", "skill_used": "fabrication", "skills_required": [ "gun", 4 ], "difficulty": 8, "time": 30000, "autolearn": true, "book_learn": [ [ "textbook_anarch", 4 ] , [ "recipe_bullets" , 7 ] ], "qualities":[ { "id":"SAW_M","level": 1 } ], "tools": [ [ [ "swage", -1 ] ], [ [ "press", -1 ] ], [ [ "large_repairkit", 10 ] ] ] },
   { "result": "762_casing", "byproducts": [ [ "762_casing", 16 ] ], "components": [ [ [ "brasssheet", 1 ] ] ], "type" : "recipe", "category": "CC_AMMO", "subcategory": "CSC_AMMO_COMPONENTS", "skill_used": "fabrication", "skills_required": [ "gun", 4 ], "difficulty": 8, "time": 30000, "autolearn": true, "book_learn": [ [ "textbook_anarch", 4 ] , [ "recipe_bullets" , 7 ] ], "qualities":[ { "id":"SAW_M","level": 1 } ], "tools": [ [ [ "swage", -1 ] ], [ [ "press", -1 ] ], [ [ "large_repairkit", 10 ] ] ] },
   { "result": "762_25_casing", "byproducts": [ [ "762_25_casing", 24 ] ], "components": [ [ [ "brasssheet", 1 ] ] ], "type" : "recipe", "category": "CC_AMMO", "subcategory": "CSC_AMMO_COMPONENTS", "skill_used": "fabrication", "skills_required": [ "gun", 4 ], "difficulty": 8, "time": 30000, "autolearn": true, "book_learn": [ [ "textbook_anarch", 4 ] , [ "recipe_bullets" , 7 ] ], "qualities":[ { "id":"SAW_M","level": 1 } ], "tools": [ [ [ "swage", -1 ] ], [ [ "press", -1 ] ], [ [ "large_repairkit", 10 ] ] ] },
   { "result": "9mm_casing", "byproducts": [ [ "9mm_casing", 33 ] ], "components": [ [ [ "brasssheet", 1 ] ] ], "type" : "recipe", "category": "CC_AMMO", "subcategory": "CSC_AMMO_COMPONENTS", "skill_used": "fabrication", "skills_required": [ "gun", 4 ], "difficulty": 8, "time": 30000, "autolearn": true, "book_learn": [ [ "textbook_anarch", 4 ] , [ "recipe_bullets" , 7 ] ], "qualities":[ { "id":"SAW_M","level": 1 } ], "tools": [ [ [ "swage", -1 ] ], [ [ "press", -1 ] ], [ [ "large_repairkit", 10 ] ] ] },
   { "result": "9x18mm_casing", "byproducts": [ [ "9x18mm_casing", 33 ] ], "components": [ [ [ "brasssheet", 1 ] ] ], "type" : "recipe", "category": "CC_AMMO", "subcategory": "CSC_AMMO_COMPONENTS", "skill_used": "fabrication", "skills_required": [ "gun", 4 ], "difficulty": 8, "time": 30000, "autolearn": true, "book_learn": [ [ "textbook_anarch", 4 ] , [ "recipe_bullets" , 7 ] ], "qualities":[ { "id":"SAW_M","level": 1 } ], "tools": [ [ [ "swage", -1 ] ], [ [ "press", -1 ] ], [ [ "large_repairkit", 10 ] ] ] },
   { "result": "shot_hull", "byproducts": [ [ "shot_hull", 7 ] ], "components": [ [ [ "plastic_chunk", 1 ] ], [ [ "scrap", 2 ] ] ], "type" : "recipe", "category": "CC_AMMO", "subcategory": "CSC_AMMO_COMPONENTS", "skill_used": "fabrication", "skills_required": [ "gun", 4 ], "difficulty": 8, "time": 30000, "autolearn": true, "book_learn": [ [ "textbook_anarch", 4 ] , [ "recipe_bullets" , 7 ] ], "qualities":[ { "id":"SAW_M","level": 1 } ], "tools": [ [ [ "swage", -1 ] ], [ [ "press", -1 ] ], [ [ "large_repairkit", 10 ] ] ] },
   
   { "type" : "recipe", "result": "smpistol_primer", "category": "CC_AMMO", "id_suffix": "from_matches", "subcategory": "CSC_AMMO_COMPONENTS", "skill_used": "fabrication", "skills_required": [ "gun", 3 ], "difficulty": 4, "time": 60000, "autolearn": true, "book_learn": [ [ "textbook_anarch" , 1 ] ], "qualities":[ {"id":"HAMMER","level":3} ], "tools": [ [ ["swage", -1] ], [ ["press", -1] ], [ [ "matches", 80 ] ] ], "components": [ [ [ "can_drink_unsealed", 2 ], [ "can_food_unsealed", 2 ], [ "canister_empty", 2 ], [ "scrap", 4 ] ] ] },
   { "type" : "recipe", "result": "lgpistol_primer", "category": "CC_AMMO", "id_suffix": "from_matches", "subcategory": "CSC_AMMO_COMPONENTS", "skill_used": "fabrication", "skills_required": [ "gun", 3 ], "difficulty": 4, "time": 60000, "autolearn": true, "book_learn": [ [ "textbook_anarch" , 1 ] ], "qualities":[ {"id":"HAMMER","level":3} ], "tools": [ [ ["swage", -1] ], [ ["press", -1] ], [ [ "matches", 80 ] ] ], "components": [ [ [ "can_drink_unsealed", 2 ], [ "can_food_unsealed", 2 ], [ "canister_empty", 2 ], [ "scrap", 4 ] ] ] },
   { "type" : "recipe", "result": "smrifle_primer", "category": "CC_AMMO", "id_suffix": "from_matches", "subcategory": "CSC_AMMO_COMPONENTS", "skill_used": "fabrication", "skills_required": [ "gun", 3 ], "difficulty": 4, "time": 60000, "autolearn": true, "book_learn": [ [ "textbook_anarch" , 1 ] ], "qualities":[ {"id":"HAMMER","level":3} ], "tools": [ [ ["swage", -1] ], [ ["press", -1] ], [ [ "matches", 80 ] ] ], "components": [ [ [ "can_drink_unsealed", 2 ], [ "can_food_unsealed", 2 ], [ "canister_empty", 2 ], [ "scrap", 4 ] ] ] },
   { "type" : "recipe", "result": "lgrifle_primer", "category": "CC_AMMO", "id_suffix": "from_matches", "subcategory": "CSC_AMMO_COMPONENTS", "skill_used": "fabrication", "skills_required": [ "gun", 3 ], "difficulty": 4, "time": 60000, "autolearn": true, "book_learn": [ [ "textbook_anarch" , 1 ] ], "qualities":[ {"id":"HAMMER","level":3} ], "tools": [ [ ["swage", -1] ], [ ["press", -1] ], [ [ "matches", 80 ] ] ], "components": [ [ [ "can_drink_unsealed", 2 ], [ "can_food_unsealed", 2 ], [ "canister_empty", 2 ], [ "scrap", 4 ] ] ] },
   { "type" : "recipe", "result": "shotgun_primer", "category": "CC_AMMO", "id_suffix": "from_matches", "subcategory": "CSC_AMMO_COMPONENTS", "skill_used": "fabrication", "skills_required": [ "gun", 3 ], "difficulty": 4, "time": 60000, "autolearn": true, "book_learn": [ [ "textbook_anarch" , 1 ] ], "qualities":[ {"id":"HAMMER","level":3} ], "tools": [ [ ["swage", -1] ], [ ["press", -1] ], [ [ "matches", 80 ] ] ], "components": [ [ [ "can_drink_unsealed", 2 ], [ "can_food_unsealed", 2 ], [ "canister_empty", 2 ], [ "scrap", 4 ] ] ] }

]
