[
  {
    "id": "surv_crowbar",
    "type": "TOOL",
    "name": "サバイバーバール",
    "description": "形状と重量バランスを注意深く調整したコンバット・クロウバーです。ハンドガードや非導電グリップなど様々な実戦的改良が施され、通常のバールと比べてこじ開け性能も向上しています。",
    "weight": 760,
    "volume": 4,
    "price": 5000,
    "to_hit": 2,
    "bashing": 17,
    "cutting": 2,
    "material": "steel",
    "symbol": ";",
    "color": "dark_gray",
    "qualities": [ [ "PRY", 3 ],  [ "HAMMER", 2 ] ],
    "use_action": "CROWBAR",
    "techniques" : [ "WBLOCK_2", "PRECISE" ],
    "flags": [ "BELT_CLIP", "DURABLE_MELEE", "NONCONDUCTIVE" ]
  }
]
