[
 {
  "type" : "recipe",
  "result": "surv_crowbar",
  "category": "CC_WEAPON",
  "subcategory": "CSC_WEAPON_BASHING",
  "skill_used": "fabrication",
  "skills_required": [ [ "survival", 3 ], [ "mechanics", 3 ], [ "melee", 3 ], [ "bashing", 2 ] ],
  "difficulty": 5,
  "time": 180000,
  "book_learn": [ [ "textbook_anarch", 2 ] ],
  "autolearn" : true,  
  "qualities":[
    { "id": "HAMMER", "level": 3 },
    { "id": "CHISEL", "level": 3 }
  ],
  "tools": [
      [ ["tongs", -1] ],
      [ ["anvil", -1] ],
      [ ["forge", 200], ["oxy_torch", 40] ] ],
  "components": [
     [ [ "steel_lump", 3 ], [ "steel_chunk", 12 ], [ "scrap", 36 ] ],
     [ [ "hose", 1 ] ],
     [ [ "duct_tape", 50 ] ],
     [ [ "leather", 3 ] ] ]
 }
]
