[
  {
    "type"            : "BOOK",
    "id"              : "pt_fruits_seed_book",
    "name"            : "本(学習/種から始める植林ガイド)",
    "description"     : "果物の種から小さな果樹園を完成させるまでの過程が図解つきで書かれた本です。",
    "color"           : "green",
    "symbol"          : "?",
    "material"        : ["paper"],
    "intelligence"    : 5,
    "time"            : 10,
    "skill"           : "survival",
    "required_level"  : 0,
    "max_level"       : 0,
    "weight"          : 200,
    "volume"          : 2,
    "price"           : 300,
    "fun"             : 1
  }
]
