[
  {
      "type"            : "COMESTIBLE",
      "id"              : "shot_hull_Chunk",
      "name"            : "散弾の塊",
      "description"     : "薬莢の塊です、空薬莢の材料になります",
      "category"        : "other",
      "material"        : "plastic",
      "color"           : "red",
      "symbol"          : ".",
      "weight"          : 1,
      "volume"          : 1,
      "stack_size"      : 100
  },{
      "type"            : "COMESTIBLE",
      "id"              : "762_25_casing_Chunk",
      "name"            : "空薬莢(7.62x25mm)の塊",
      "description"     : "薬莢の塊です、空薬莢の材料になります",
      "category"        : "other",
      "material"        : "brass",
      "color"           : "red",
      "symbol"          : ".",
      "weight"          : 1,
      "volume"          : 1,
      "stack_size"      : 100
  },{
      "type"            : "COMESTIBLE",
      "id"              : "700nx_casing_Chunk",
      "name"            : "空薬莢(70口径/ニトロエクスプレス)の塊",
      "description"     : "薬莢の塊です、空薬莢の材料になります",
      "category"        : "other",
      "material"        : "brass",
      "color"           : "red",
      "symbol"          : ".",
      "weight"          : 1,
      "volume"          : 1,
      "stack_size"      : 100
  },{
      "type"            : "COMESTIBLE",
      "id"              : "545_casing_Chunk",
      "name"            : "空薬莢(5.45x39mm)の塊",
      "description"     : "薬莢の塊です、空薬莢の材料になります",
      "category"        : "other",
      "material"        : "brass",
      "color"           : "red",
      "symbol"          : ".",
      "weight"          : 1,
      "volume"          : 1,
      "stack_size"      : 100
  },{
      "type"            : "COMESTIBLE",
      "id"              : "50_casing_Chunk",
      "name"            : "空薬莢(.50口径BMG)の塊",
      "description"     : "薬莢の塊です、空薬莢の材料になります",
      "category"        : "other",
      "material"        : "brass",
      "color"           : "red",
      "symbol"          : ".",
      "weight"          : 1,
      "volume"          : 1,
      "stack_size"      : 100
  },{
      "type"            : "COMESTIBLE",
      "id"              : "45_casing_Chunk",
      "name"            : "空薬莢(.45口径/ACP)の塊",
      "description"     : "薬莢の塊です、空薬莢の材料になります",
      "category"        : "other",
      "material"        : "brass",
      "color"           : "red",
      "symbol"          : ".",
      "weight"          : 1,
      "volume"          : 1,
      "stack_size"      : 100
  },{
      "type"            : "COMESTIBLE",
      "id"              : "40_casing_Chunk",
      "name"            : "空薬莢(.40口径/S&W)の塊",
      "description"     : "薬莢の塊です、空薬莢の材料になります",
      "category"        : "other",
      "material"        : "brass",
      "color"           : "red",
      "symbol"          : ".",
      "weight"          : 1,
      "volume"          : 1,
      "stack_size"      : 100
  },{
      "type"            : "COMESTIBLE",
      "id"              : "38_casing_Chunk",
      "name"            : "空薬莢(.38口径/スペシャル)の塊",
      "description"     : "薬莢の塊です、空薬莢の材料になります",
      "category"        : "other",
      "material"        : "brass",
      "color"           : "red",
      "symbol"          : ".",
      "weight"          : 1,
      "volume"          : 1,
      "stack_size"      : 100
  },{
      "type"            : "COMESTIBLE",
      "id"              : "32_casing_Chunk",
      "name"            : "空薬莢(.32口径/ACP)の塊",
      "description"     : "薬莢の塊です、空薬莢の材料になります",
      "category"        : "other",
      "material"        : "brass",
      "color"           : "red",
      "symbol"          : ".",
      "weight"          : 1,
      "volume"          : 1,
      "stack_size"      : 100
  },{
      "type"            : "COMESTIBLE",
      "id"              : "308_casing_Chunk",
      "name"            : "空薬莢(.308口径)の塊",
      "description"     : "薬莢の塊です、空薬莢の材料になります",
      "category"        : "other",
      "material"        : "brass",
      "color"           : "red",
      "symbol"          : ".",
      "weight"          : 1,
      "volume"          : 1,
      "stack_size"      : 100
  },{
      "type"            : "COMESTIBLE",
      "id"              : "300_casing_Chunk",
      "name"            : "空薬莢(.30口径/ウィンチェスターマグナム)の塊",
      "description"     : "薬莢の塊です、空薬莢の材料になります",
      "category"        : "other",
      "material"        : "brass",
      "color"           : "red",
      "symbol"          : ".",
      "weight"          : 1,
      "volume"          : 1,
      "stack_size"      : 100
  },{
      "type"            : "COMESTIBLE",
      "id"              : "3006_casing_Chunk",
      "name"            : "空薬莢(.30-06口径)の塊",
      "description"     : "薬莢の塊です、空薬莢の材料になります",
      "category"        : "other",
      "material"        : "brass",
      "color"           : "red",
      "symbol"          : ".",
      "weight"          : 1,
      "volume"          : 1,
      "stack_size"      : 100
  },{
      "type"            : "COMESTIBLE",
      "id"              : "22_casing_Chunk",
      "name"            : "空薬莢(.22口径/LR)の塊",
      "description"     : "薬莢の塊です、空薬莢の材料になります",
      "category"        : "other",
      "material"        : "brass",
      "color"           : "red",
      "symbol"          : ".",
      "weight"          : 1,
      "volume"          : 1,
      "stack_size"      : 100
  },{
      "type"            : "COMESTIBLE",
      "id"              : "223_casing_Chunk",
      "name"            : "空薬莢(.223口径)の塊",
      "description"     : "薬莢の塊です、空薬莢の材料になります",
      "category"        : "other",
      "material"        : "brass",
      "color"           : "red",
      "symbol"          : ".",
      "weight"          : 1,
      "volume"          : 1,
      "stack_size"      : 100
  },{
      "type"            : "COMESTIBLE",
      "id"              : "762R_casing_Chunk",
      "name"            : "空薬莢(7.62x54mm/R)の塊",
      "description"     : "薬莢の塊です、空薬莢の材料になります",
      "category"        : "other",
      "material"        : "brass",
      "color"           : "red",
      "symbol"          : ".",
      "weight"          : 1,
      "volume"          : 1,
      "stack_size"      : 100
  },{
      "type"            : "COMESTIBLE",
      "id"              : "762_casing_Chunk",
      "name"            : "空薬莢(7.62x39mm)の塊",
      "description"     : "薬莢の塊です、空薬莢の材料になります",
      "category"        : "other",
      "material"        : "brass",
      "color"           : "red",
      "symbol"          : ".",
      "weight"          : 1,
      "volume"          : 1,
      "stack_size"      : 100
  },{
      "type"            : "COMESTIBLE",
      "id"              : "9mm_casing_Chunk",
      "name"            : "空薬莢(9mm)の塊",
      "description"     : "薬莢の塊です、空薬莢の材料になります",
      "category"        : "other",
      "material"        : "brass",
      "color"           : "red",
      "symbol"          : ".",
      "weight"          : 1,
      "volume"          : 1,
      "stack_size"      : 100
  },{
      "type"            : "COMESTIBLE",
      "id"              : "454_casing_Chunk",
      "name"            : "空薬莢(.454口径/カスール)の塊",
      "description"     : "薬莢の塊です、空薬莢の材料になります",
      "category"        : "other",
      "material"        : "brass",
      "color"           : "red",
      "symbol"          : ".",
      "weight"          : 1,
      "volume"          : 1,
      "stack_size"      : 100
  },{
      "type"            : "COMESTIBLE",
      "id"              : "44_casing_Chunk",
      "name"            : "空薬莢(.44口径/マグナム)の塊",
      "description"     : "薬莢の塊です、空薬莢の材料になります",
      "category"        : "other",
      "material"        : "brass",
      "color"           : "red",
      "symbol"          : ".",
      "weight"          : 1,
      "volume"          : 1,
      "stack_size"      : 100
  },{
      "type"            : "COMESTIBLE",
      "id"              : "57mm_casing_Chunk",
      "name"            : "空薬莢(5.7x28mm)の塊",
      "description"     : "薬莢の塊です、空薬莢の材料になります",
      "category"        : "other",
      "material"        : "brass",
      "color"           : "red",
      "symbol"          : ".",
      "weight"          : 1,
      "volume"          : 1,
      "stack_size"      : 100
  },{
      "type"            : "COMESTIBLE",
      "id"              : "500_casing_Chunk",
      "name"            : "空薬莢(.50口径/S&Wマグナム)の塊",
      "description"     : "薬莢の塊です、空薬莢の材料になります",
      "category"        : "other",
      "material"        : "brass",
      "color"           : "red",
      "symbol"          : ".",
      "weight"          : 1,
      "volume"          : 1,
      "stack_size"      : 100
  },{
      "type"            : "COMESTIBLE",
      "id"              : "9x18mm_casing_Chunk",
      "name"            : "空薬莢(9x18mm)の塊",
      "description"     : "薬莢の塊です、空薬莢の材料になります",
      "category"        : "other",
      "material"        : "brass",
      "color"           : "red",
      "symbol"          : ".",
      "weight"          : 1,
      "volume"          : 1,
      "stack_size"      : 100
  },{
      "type"            : "COMESTIBLE",
      "id"              : "46mm_casing_Chunk",
      "name"            : "空薬莢(4.6x30mm)の塊",
      "description"     : "薬莢の塊です、空薬莢の材料になります",
      "category"        : "other",
      "material"        : "brass",
      "color"           : "red",
      "symbol"          : ".",
      "weight"          : 1,
      "volume"          : 1,
      "stack_size"      : 100
  },{
      "type"            : "COMESTIBLE",
      "id"              : "5x50_hull_Chunk",
      "name"            : "空薬莢(5x50)の塊",
      "description"     : "薬莢の塊です、空薬莢の材料になります",
      "category"        : "other",
      "material"        : "brass",
      "color"           : "red",
      "symbol"          : ".",
      "weight"          : 1,
      "volume"          : 1,
      "stack_size"      : 100
  }
]