[
  {
      "//"         : "空薬莢(散弾)のレシピ",
      "type"       : "recipe",
      "result"     : "shot_hull",
      "category"   : "CC_AMMO",
      "subcategory": "CSC_AMMO_OTHER",
      "skill_used" : "fabrication",
      "difficulty" : 0,
      "time"       : 5000,
      "autolearn"  : true,
      "result_mult": 50,
      "qualities"  : [{ "id":"CUT","level":1}],
      "components" : [[["shot_hull_Chunk",1]]]
  },{
      "//"         : "空薬莢(7.62x25mm)のレシピ",
      "type"       : "recipe",
      "result"     : "762_25_casing",
      "category"   : "CC_AMMO",
      "subcategory": "CSC_AMMO_OTHER",
      "skill_used" : "fabrication",
      "difficulty" : 0,
      "time"       : 5000,
      "autolearn"  : true,
      "result_mult": 50,
      "qualities"  : [{ "id":"CUT","level":1}],
      "components" : [[["762_25_casing_Chunk",1]]]
  },{
      "//"         : "空薬莢(70口径/ニトロエクスプレス)のレシピ",
      "type"       : "recipe",
      "result"     : "700nx_casing",
      "category"   : "CC_AMMO",
      "subcategory": "CSC_AMMO_OTHER",
      "skill_used" : "fabrication",
      "difficulty" : 0,
      "time"       : 5000,
      "autolearn"  : true,
      "result_mult": 50,
      "qualities"  : [{ "id":"CUT","level":1}],
      "components" : [[["700nx_casing_Chunk",1]]]
  },{
      "//"         : "空薬莢(5.45x39mm)のレシピ",
      "type"       : "recipe",
      "result"     : "545_casing",
      "category"   : "CC_AMMO",
      "subcategory": "CSC_AMMO_OTHER",
      "skill_used" : "fabrication",
      "difficulty" : 0,
      "time"       : 5000,
      "autolearn"  : true,
      "result_mult": 50,
      "qualities"  : [{ "id":"CUT","level":1}],
      "components" : [[["545_casing_Chunk",1]]]
  },{
        "//"         : "空薬莢(.50口径BMG)のレシピ",
      "type"       : "recipe",
      "result"     : "50_casing",
      "category"   : "CC_AMMO",
      "subcategory": "CSC_AMMO_OTHER",
      "skill_used" : "fabrication",
      "difficulty" : 0,
      "time"       : 5000,
      "autolearn"  : true,
      "result_mult": 50,
      "qualities"  : [{ "id":"CUT","level":1}],
      "components" : [[["50_casing_Chunk",1]]]
  },{
      "//"         : "空薬莢(.45口径/ACP)のレシピ", 
      "type"       : "recipe",
      "result"     : "45_casing",
      "category"   : "CC_AMMO",
      "subcategory": "CSC_AMMO_OTHER",
      "skill_used" : "fabrication",
      "difficulty" : 0,
      "time"       : 5000,
      "autolearn"  : true,
      "qualities"  : [{ "id":"CUT","level":1}],
      "components" : [[["45_casing_Chunk",1]]]
  },{ 
      "//"         : "空薬莢(.40口径/S&W)のレシピ", 
      "type"       : "recipe",
      "result"     : "40_casing",
      "category"   : "CC_AMMO",
      "subcategory": "CSC_AMMO_OTHER",
      "skill_used" : "fabrication",
      "difficulty" : 0,
      "time"       : 5000,
      "autolearn"  : true,
      "result_mult": 50,
      "qualities"  : [{ "id":"CUT","level":1}],
      "components" : [[["40_casing_Chunk",1]]]

  },{
      "//"         : "空薬莢(.38口径/スペシャル)のレシピ", 
      "type"       : "recipe",
      "result"     : "38_casing",
      "category"   : "CC_AMMO",
      "subcategory": "CSC_AMMO_OTHER",
      "skill_used" : "fabrication",
      "difficulty" : 0,
      "time"       : 5000,
      "autolearn"  : true,
      "result_mult": 50,
      "qualities"  : [{ "id":"CUT","level":1}],
      "components" : [[["38_casing_Chunk",1]]]
  },{
      "//"         : "空薬莢(.32口径/ACP)のレシピ", 
      "type"       : "recipe",
      "result"     : "32_casing",
      "category"   : "CC_AMMO",
      "subcategory": "CSC_AMMO_OTHER",
      "skill_used" : "fabrication",
      "difficulty" : 0,
      "time"       : 5000,
      "autolearn"  : true,
      "result_mult": 50,
      "qualities"  : [{ "id":"CUT","level":1}],
      "components" : [[["32_casing_Chunk",1]]]
  },{
      "//"         : "空薬莢(.308口径)のレシピ", 
      "type"       : "recipe",
      "result"     : "308_casing",
      "category"   : "CC_AMMO",
      "subcategory": "CSC_AMMO_OTHER",
      "skill_used" : "fabrication",
      "difficulty" : 0,
      "time"       : 5000,
      "autolearn"  : true,
      "result_mult": 50,
      "qualities"  : [{ "id":"CUT","level":1}],
      "components" : [[["308_casing_Chunk",1]]]
  },{
      "//"         : "空薬莢(.30口径/ウィンチェスターマグナム)のレシピ", 
      "type"       : "recipe",
      "result"     : "300_casing",
      "category"   : "CC_AMMO",
      "subcategory": "CSC_AMMO_OTHER",
      "skill_used" : "fabrication",
      "difficulty" : 0,
      "time"       : 5000,
      "autolearn"  : true,
      "result_mult": 50,
      "qualities"  : [{ "id":"CUT","level":1}],
      "components" : [[["300_casing_Chunk",1]]]
  },{
      "//"         : "空薬莢(.30-06口径)のレシピ", 
      "type"       : "recipe",
      "result"     : "3006_casing",
      "category"   : "CC_AMMO",
      "subcategory": "CSC_AMMO_OTHER",
      "skill_used" : "fabrication",
      "difficulty" : 0,
      "time"       : 5000,
      "autolearn"  : true,
      "result_mult": 50,
      "qualities"  : [{ "id":"CUT","level":1}],
      "components" : [[["3006_casing_Chunk",1]]]
  },{
      "//"         : "空薬莢(.22口径/LR)のレシピ", 
      "type"       : "recipe",
      "result"     : "22_casing",
      "category"   : "CC_AMMO",
      "subcategory": "CSC_AMMO_OTHER",
      "skill_used" : "fabrication",
      "difficulty" : 0,
      "time"       : 5000,
      "autolearn"  : true,
      "result_mult": 50,
      "qualities"  : [{ "id":"CUT","level":1}],
      "components" : [[["22_casing_Chunk",1]]]
  },{
      "//"         : "空薬莢(.223口径)のレシピ", 
      "type"       : "recipe",
      "result"     : "223_casing",
      "category"   : "CC_AMMO",
      "subcategory": "CSC_AMMO_OTHER",
      "skill_used" : "fabrication",
      "difficulty" : 0,
      "time"       : 5000,
      "autolearn"  : true,
      "result_mult": 50,
      "qualities"  : [{ "id":"CUT","level":1}],
      "components" : [[["223_casing_Chunk",1]]]
  },{
      "//"         : "空薬莢(7.62x54mm/R)のレシピ", 
      "type"       : "recipe",
      "result"     : "762R_casing",
      "category"   : "CC_AMMO",
      "subcategory": "CSC_AMMO_OTHER",
      "skill_used" : "fabrication",
      "difficulty" : 0,
      "time"       : 5000,
      "autolearn"  : true,
      "result_mult": 50,
      "qualities"  : [{ "id":"CUT","level":1}],
      "components" : [[["762R_casing_Chunk",1]]]
  },{
      "//"         : "空薬莢(7.62x39mm)のレシピ", 
      "type"       : "recipe",
      "result"     : "762_casing",
      "category"   : "CC_AMMO",
      "subcategory": "CSC_AMMO_OTHER",
      "skill_used" : "fabrication",
      "difficulty" : 0,
      "time"       : 5000,
      "autolearn"  : true,
      "result_mult": 50,
      "qualities"  : [{ "id":"CUT","level":1}],
      "components" : [[["762_casing_Chunk",1]]]
  },{
      "//"         : "空薬莢(9mm)のレシピ", 
      "type"       : "recipe",
      "result"     : "9mm_casing",
      "category"   : "CC_AMMO",
      "subcategory": "CSC_AMMO_OTHER",
      "skill_used" : "fabrication",
      "difficulty" : 0,
      "time"       : 5000,
      "autolearn"  : true,
      "result_mult": 50,
      "qualities"  : [{ "id":"CUT","level":1}],
      "components" : [[["9mm_casing_Chunk",1]]]
  },{
      "//"         : "空薬莢(.454口径/カスール)のレシピ", 
      "type"       : "recipe",
      "result"     : "454_casing",
      "category"   : "CC_AMMO",
      "subcategory": "CSC_AMMO_OTHER",
      "skill_used" : "fabrication",
      "difficulty" : 0,
      "time"       : 5000,
      "autolearn"  : true,
      "result_mult": 50,
      "qualities"  : [{ "id":"CUT","level":1}],
      "components" : [[["454_casing_Chunk",1]]]
  },{
      "//"         : "空薬莢(.44口径/マグナム)のレシピ", 
      "type"       : "recipe",
      "result"     : "44_casing",
      "category"   : "CC_AMMO",
      "subcategory": "CSC_AMMO_OTHER",
      "skill_used" : "fabrication",
      "difficulty" : 0,
      "time"       : 5000,
      "autolearn"  : true,
      "result_mult": 50,
      "qualities"  : [{ "id":"CUT","level":1}],
      "components" : [[["44_casing_Chunk",1]]]
  },{
      "//"         : "空薬莢(5.7x28mm)のレシピ", 
      "type"       : "recipe",
      "result"     : "57mm_casing",
      "category"   : "CC_AMMO",
      "subcategory": "CSC_AMMO_OTHER",
      "skill_used" : "fabrication",
      "difficulty" : 0,
      "time"       : 5000,
      "autolearn"  : true,
      "result_mult": 50,
      "qualities"  : [{ "id":"CUT","level":1}],
      "components" : [[["57mm_casing_Chunk",1]]]
  },{
      "//"         : "空薬莢(.50口径/S&Wマグナム)のレシピ", 
      "type"       : "recipe",
      "result"     : "500_casing",
      "category"   : "CC_AMMO",
      "subcategory": "CSC_AMMO_OTHER",
      "skill_used" : "fabrication",
      "difficulty" : 0,
      "time"       : 5000,
      "autolearn"  : true,
      "result_mult": 50,
      "qualities"  : [{ "id":"CUT","level":1}],
      "components" : [[["500_casing_Chunk",1]]]  
  },{
      "//"         : "空薬莢(9x18mm)のレシピ", 
      "type"       : "recipe",
      "result"     : "9x18mm_casing",
      "category"   : "CC_AMMO",
      "subcategory": "CSC_AMMO_OTHER",
      "skill_used" : "fabrication",
      "difficulty" : 0,
      "time"       : 5000,
      "autolearn"  : true,
      "result_mult": 50,
      "qualities"  : [{ "id":"CUT","level":1}],
      "components" : [[["9x18mm_casing_Chunk",1]]]  
  },{
      "//"         : "空薬莢(4.6x30mm)のレシピ", 
      "type"       : "recipe",
      "result"     : "46mm_casing",
      "category"   : "CC_AMMO",
      "subcategory": "CSC_AMMO_OTHER",
      "skill_used" : "fabrication",
      "difficulty" : 0,
      "time"       : 5000,
      "autolearn"  : true,
      "result_mult": 50,
      "qualities"  : [{ "id":"CUT","level":1}],
      "components" : [[["46mm_casing_Chunk",1]]]  
  },{
      "//"         : "空薬莢(5x50)のレシピ",
      "type"       : "recipe",
      "result"     : "5x50_hull",
      "category"   : "CC_AMMO",
      "subcategory": "CSC_AMMO_OTHER",
      "skill_used" : "fabrication",
      "difficulty" : 0,
      "time"       : 5000,
      "autolearn"  : true,
      "result_mult": 50,
      "qualities"  : [{ "id":"CUT","level":1}],
      "components" : [[["5x50_hull_Chunk",1]]]
  }
]