[
  {
      "type"            : "COMESTIBLE",
      "id"              : "mf_seed_plasma",
      "name"            : "種(水素)",
      "description"     : "どういうわけかプラズマ水素が実る作物の種です。成長したら水素が収穫できます。",
      "category"        : "other",
      "material"        : "fruit",
      "color"           : "green",
      "symbol"          : ".",
      "use_action"      : "SEED",
      "weight"          : 1,
      "volume"          : 1,
      "stack_size"      : 100,
      "charges"         : 1,
      "fun"             : 0,
      "price"           : 100,
      "seed_data"       : {
                            "plant_name": "水素",
                            "fruit": "plasma",
                            "byproducts": [ "withered" ],
                            "grow"      : 91
                          }
  },{
      "type"            : "COMESTIBLE",
      "id"              : "mf_seed_spiral_stone",
      "name"            : "種(螺旋状の石)",
      "description"     : "どういうわけか螺旋状の石が実る作物の種です。成長したら螺旋状の石が収穫できます。",
      "category"        : "other",
      "material"        : "fruit",
      "color"           : "green",
      "symbol"          : ".",
      "use_action"      : "SEED",
      "weight"          : 1,
      "volume"          : 1,
      "stack_size"      : 100,
      "charges"         : 1,
      "fun"             : 0,
      "price"           : 100,
      "seed_data"       : {
                            "plant_name": "螺旋状の石",
                            "fruit": "spiral_stone",
                            "byproducts": [ "withered" ],
                            "grow"      : 91
                          }
  },{
      "type"            : "COMESTIBLE",
      "id"              : "mf_seed_vortex_stone",
      "name"            : "種(渦流石)",
      "description"     : "どういうわけか渦流石が実る作物の種です。成長したら渦流石が収穫できます。",
      "category"        : "other",
      "material"        : "fruit",
      "color"           : "green",
      "symbol"          : ".",
      "use_action"      : "SEED",
      "weight"          : 1,
      "volume"          : 1,
      "stack_size"      : 100,
      "charges"         : 1,
      "fun"             : 0,
      "price"           : 100,
      "seed_data"       : {
                            "plant_name": "渦流石",
                            "fruit": "vortex_stone",
                            "byproducts": [ "withered" ],
                            "grow"      : 91
                          }
  },{
      "type"            : "COMESTIBLE",
      "id"              : "mf_seed_panties",
      "name"            : "種(パンティー)",
      "description"     : "どういうわけかパンティーが実る作物の種です。成長したらパンティーが収穫できます。",
      "category"        : "other",
      "material"        : "fruit",
      "color"           : "green",
      "symbol"          : ".",
      "use_action"      : "SEED",
      "weight"          : 1,
      "volume"          : 1,
      "stack_size"      : 100,
      "charges"         : 1,
      "fun"             : 0,
      "price"           : 100,
      "seed_data"       : {
                            "plant_name": "パンティー",
                            "fruit": "panties",
                            "byproducts": [ "gold_small" ],
                            "grow"      : 91
                          }
  },{
      "type"            : "COMESTIBLE",
      "id"              : "mf_seed_vibrator",
      "name"            : "種(振動器)",
      "description"     : "どういうわけか振動器が実る作物の種です。成長したら振動器が収穫できます。",

      "category"        : "other",
      "material"        : "fruit",
      "color"           : "green",
      "symbol"          : ".",
      "use_action"      : "SEED",
      "weight"          : 1,
      "volume"          : 1,
      "stack_size"      : 100,
      "charges"         : 1,
      "fun"             : 0,
      "price"           : 100,
      "seed_data"       : {
                            "plant_name": "振動器",
                            "fruit": "vibrator",
                            "byproducts": [ "withered" ],
                            "grow"      : 91
                          }
  },{
      "type"            : "COMESTIBLE",
      "id"              : "mf_seed_contacts",
      "name"            : "種(コンタクト)",
      "description"     : "どういうわけかコンタクトレンズが実る作物の種です。成長したらコンタクトレンズが収穫できます。",
      "category"        : "other",
      "material"        : "fruit",
      "color"           : "green",
      "symbol"          : ".",
      "use_action"      : "SEED",
      "weight"          : 1,
      "volume"          : 1,
      "stack_size"      : 100,
      "charges"         : 1,
      "fun"             : 0,
      "price"           : 100,
      "seed_data"       : {
                            "plant_name": "コンタクト",
                            "fruit": "lead",
                            "byproducts": [ "contacts" ],
                            "grow"      : 91
                          }
  },{
      "type"            : "COMESTIBLE",
      "id"              : "mf_seed_shot_hull",
      "name"            : "種(空薬莢(散弾))",
      "description"     : "どういうわけか薬莢が実る作物の種です。成長したら薬莢の塊が収穫できます。",

      "category"        : "other",
      "material"        : "fruit",
      "color"           : "green",
      "symbol"          : ".",
      "use_action"      : "SEED",
      "weight"          : 1,
      "volume"          : 1,
      "stack_size"      : 100,
      "charges"         : 1,
      "fun"             : 0,
      "price"           : 100,
      "seed_data"       : {
                            "plant_name": "空薬莢(散弾)",
                            "fruit": "shot_hull_Chunk",
                            "byproducts": [ "withered" ],
                            "grow"      : 91
                          }
  },{
      "type"            : "COMESTIBLE",
      "id"              : "mf_seed_762_25_casing",
      "name"            : "種(空薬莢(7.62x25mm))",
      "description"     : "どういうわけか薬莢が実る作物の種です。成長したら薬莢の塊が収穫できます。",

      "category"        : "other",
      "material"        : "fruit",
      "color"           : "green",
      "symbol"          : ".",
      "use_action"      : "SEED",
      "weight"          : 1,
      "volume"          : 1,
      "stack_size"      : 100,
      "charges"         : 1,
      "fun"             : 0,
      "price"           : 100,
      "seed_data"       : {
                            "plant_name": "空薬莢(7.62x25mm)",
                            "fruit": "762_25_casing_Chunk",
                            "byproducts": [ "withered" ],
                            "grow"      : 91
                          }
  },{
      "type"            : "COMESTIBLE",
      "id"              : "mf_seed_700nx_casing",
      "name"            : "種(空薬莢(70口径/ニトロエクスプレス))",
      "description"     : "どういうわけか薬莢が実る作物の種です。成長したら薬莢の塊が収穫できます。",
      "category"        : "other",
      "material"        : "fruit",
      "color"           : "green",
      "symbol"          : ".",
      "use_action"      : "SEED",
      "weight"          : 1,
      "volume"          : 1,
      "stack_size"      : 100,
      "charges"         : 1,
      "fun"             : 0,
      "price"           : 100,
      "seed_data"       : {
                            "plant_name": "空薬莢(70口径/ニトロエクスプレス)",
                            "fruit": "700nx_casing_Chunk",
                            "byproducts": [ "withered" ],
                            "grow"      : 91
                          }
  },{
      "type"            : "COMESTIBLE",
      "id"              : "mf_seed_545_casing",
      "name"            : "種(空薬莢(5.45x39mm))",
      "description"     : "どういうわけか薬莢が実る作物の種です。成長したら薬莢の塊が収穫できます。",
      "category"        : "other",
      "material"        : "fruit",
      "color"           : "green",
      "symbol"          : ".",
      "use_action"      : "SEED",
      "weight"          : 1,
      "volume"          : 1,
      "stack_size"      : 100,
      "charges"         : 1,
      "fun"             : 0,
      "price"           : 100,
      "seed_data"       : {
                            "plant_name": "空薬莢(5.45x39mm)",
                            "fruit": "545_casing_Chunk",
                            "byproducts": [ "withered" ],
                            "grow"      : 91
                          }
  },{
      "type"            : "COMESTIBLE",
      "id"              : "mf_seed_50_casing",
      "name"            : "種(空薬莢(.50口径BMG))",
      "description"     : "どういうわけか薬莢が実る作物の種です。成長したら薬莢の塊が収穫できます。",
      "category"        : "other",
      "material"        : "fruit",
      "color"           : "green",
      "symbol"          : ".",
      "use_action"      : "SEED",
      "weight"          : 1,
      "volume"          : 1,
      "stack_size"      : 100,
      "charges"         : 1,
      "fun"             : 0,
      "price"           : 100,
      "seed_data"       : {
                            "plant_name": "空薬莢(.50口径BMG)",
                            "fruit": "50_casing_Chunk",
                            "byproducts": [ "withered" ],
                            "grow"      : 91
                          }
  },{
      "type"            : "COMESTIBLE",
      "id"              : "mf_seed_45_casing",
      "name"            : "種(空薬莢(.45口径/ACP))",
      "description"     : "どういうわけか火薬が実る作物の種です。成長したら火薬が収穫できます。",
      "category"        : "other",
      "material"        : "fruit",
      "color"           : "green",
      "symbol"          : ".",
      "use_action"      : "SEED",
      "weight"          : 1,
      "volume"          : 1,
      "stack_size"      : 100,
      "charges"         : 1,
      "fun"             : 0,
      "price"           : 100,
      "seed_data"       : {
                            "plant_name": "空薬莢(.45口径/ACP)",
                            "fruit": "45_casing_Chunk",
                            "byproducts": [ "withered" ],
                            "grow"      : 91
                          }
  },{
      "type"            : "COMESTIBLE",
      "id"              : "mf_seed_40_casing",
      "name"            : "種(空薬莢(.40口径/S&W))",
      "description"     : "どういうわけか薬莢が実る作物の種です。成長したら薬莢の塊が収穫できます。",
      "category"        : "other",
      "material"        : "fruit",
      "color"           : "green",
      "symbol"          : ".",
      "use_action"      : "SEED",
      "weight"          : 1,
      "volume"          : 1,
      "stack_size"      : 100,
      "charges"         : 1,
      "fun"             : 0,
      "price"           : 100,
      "seed_data"       : {
                            "plant_name": "空薬莢(.40口径/S&W)",
                            "fruit": "40_casing_Chunk",
                            "byproducts": [ "withered" ],
                            "grow"      : 91
                          }
  },{
      "type"            : "COMESTIBLE",
      "id"              : "mf_seed_38_casing",
      "name"            : "種(空薬莢(.38口径/スペシャル))",
      "description"     : "どういうわけか薬莢が実る作物の種です。成長したら薬莢の塊が収穫できます。",
      "category"        : "other",
      "material"        : "fruit",
      "color"           : "green",
      "symbol"          : ".",
      "use_action"      : "SEED",
      "weight"          : 1,
      "volume"          : 1,
      "stack_size"      : 100,
      "charges"         : 1,
      "fun"             : 0,
      "price"           : 100,
      "seed_data"       : {
                            "plant_name": "空薬莢(.38口径/スペシャル)",
                            "fruit": "38_casing_Chunk",
                            "byproducts": [ "withered" ],
                            "grow"      : 91
                          }
  },{
      "type"            : "COMESTIBLE",
      "id"              : "mf_seed_32_casing",
      "name"            : "種(空薬莢(.32口径/ACP))",
      "description"     : "どういうわけか薬莢が実る作物の種です。成長したら薬莢の塊が収穫できます。",
      "category"        : "other",
      "material"        : "fruit",
      "color"           : "green",
      "symbol"          : ".",
      "use_action"      : "SEED",
      "weight"          : 1,
      "volume"          : 1,
      "stack_size"      : 100,
      "charges"         : 1,
      "fun"             : 0,
      "price"           : 100,
      "seed_data"       : {
                            "plant_name": "空薬莢(.32口径/ACP)",
                            "fruit": "32_casing_Chunk",
                            "byproducts": [ "withered" ],
                            "grow"      : 91
                          }                          
  },{
      "type"            : "COMESTIBLE",
      "id"              : "mf_seed_308_casing",
      "name"            : "種(空薬莢(.308口径))",
      "description"     : "どういうわけか薬莢が実る作物の種です。成長したら薬莢の塊が収穫できます。",
      "category"        : "other",
      "material"        : "fruit",
      "color"           : "green",
      "symbol"          : ".",
      "use_action"      : "SEED",
      "weight"          : 1,
      "volume"          : 1,
      "stack_size"      : 100,
      "charges"         : 1,
      "fun"             : 0,
      "price"           : 100,
      "seed_data"       : {
                            "plant_name": "空薬莢(.308口径)",
                            "fruit": "308_casing_Chunk",
                            "byproducts": [ "withered" ],
                            "grow"      : 91
                          }
  },{
      "type"            : "COMESTIBLE",
      "id"              : "mf_seed_300_casing",
      "name"            : "種(空薬莢(.30口径/ウィンチェスターマグナム))",
      "description"     : "どういうわけか薬莢が実る作物の種です。成長したら薬莢の塊が収穫できます。",
      "category"        : "other",
      "material"        : "fruit",
      "color"           : "green",
      "symbol"          : ".",
      "use_action"      : "SEED",
      "weight"          : 1,
      "volume"          : 1,
      "stack_size"      : 100,
      "charges"         : 1,
      "fun"             : 0,
      "price"           : 100,
      "seed_data"       : {
                            "plant_name": "空薬莢(.30口径/ウィンチェスターマグナム)",
                            "fruit": "300_casing_Chunk",
                            "byproducts": [ "withered" ],
                            "grow"      : 91
                          }
  },{
      "type"            : "COMESTIBLE",
      "id"              : "mf_seed_3006_casing",
      "name"            : "種(空薬莢(.30-06口径))",
      "description"     : "どういうわけか薬莢が実る作物の種です。成長したら薬莢の塊が収穫できます。",
      "category"        : "other",
      "material"        : "fruit",
      "color"           : "green",
      "symbol"          : ".",
      "use_action"      : "SEED",
      "weight"          : 1,
      "volume"          : 1,
      "stack_size"      : 100,
      "charges"         : 1,
      "fun"             : 0,
      "price"           : 100,
      "seed_data"       : {
                            "plant_name": "空薬莢(.30-06口径)",
                            "fruit": "3006_casing_Chunk",
                            "byproducts": [ "withered" ],
                            "grow"      : 91
                          }
  },{
      "type"            : "COMESTIBLE",
      "id"              : "mf_seed_22_casing",
      "name"            : "種(空薬莢(.22口径/LR))",
      "description"     : "どういうわけか薬莢が実る作物の種です。成長したら薬莢の塊が収穫できます。",
      "category"        : "other",
      "material"        : "fruit",
      "color"           : "green",
      "symbol"          : ".",
      "use_action"      : "SEED",
      "weight"          : 1,
      "volume"          : 1,
      "stack_size"      : 100,
      "charges"         : 1,
      "fun"             : 0,
      "price"           : 100,
      "seed_data"       : {
                            "plant_name": "空薬莢(.22口径/LR)",
                            "fruit": "22_casing_Chunk",
                            "byproducts": [ "withered" ],
                            "grow"      : 91
                          }
  },{
      "type"            : "COMESTIBLE",
      "id"              : "mf_seed_223_casing",
      "name"            : "種(空薬莢(.223口径))",
      "description"     : "どういうわけか薬莢が実る作物の種です。成長したら薬莢の塊が収穫できます。",
      "category"        : "other",
      "material"        : "fruit",
      "color"           : "green",
      "symbol"          : ".",
      "use_action"      : "SEED",
      "weight"          : 1,
      "volume"          : 1,
      "stack_size"      : 100,
      "charges"         : 1,
      "fun"             : 0,
      "price"           : 100,
      "seed_data"       : {
                            "plant_name": "空薬莢(.223口径)",
                            "fruit": "223_casing_Chunk",
                            "byproducts": [ "withered" ],
                            "grow"      : 91
                          }
  },{
      "type"            : "COMESTIBLE",
      "id"              : "mf_seed_762R_casing",
      "name"            : "種(空薬莢(7.62x54mm/R))",
      "description"     : "どういうわけか薬莢が実る作物の種です。成長したら薬莢の塊が収穫できます。",
      "category"        : "other",
      "material"        : "fruit",
      "color"           : "green",
      "symbol"          : ".",
      "use_action"      : "SEED",
      "weight"          : 1,
      "volume"          : 1,
      "stack_size"      : 100,
      "charges"         : 1,
      "fun"             : 0,
      "price"           : 100,
      "seed_data"       : {
                            "plant_name": "空薬莢(7.62x54mm/R)",
                            "fruit": "762R_casing_Chunk",
                            "byproducts": [ "withered" ],
                            "grow"      : 91
                          }
  },{
      "type"            : "COMESTIBLE",
      "id"              : "mf_seed_762_casing",
      "name"            : "種(空薬莢(7.62x39mm))",
      "description"     : "どういうわけか薬莢が実る作物の種です。成長したら薬莢の塊が収穫できます。",
      "category"        : "other",
      "material"        : "fruit",
      "color"           : "green",
      "symbol"          : ".",
      "use_action"      : "SEED",
      "weight"          : 1,
      "volume"          : 1,
      "stack_size"      : 100,
      "charges"         : 1,
      "fun"             : 0,
      "price"           : 100,
      "seed_data"       : {
                            "plant_name": "空薬莢(7.62x39mm)",
                            "fruit": "762_casing_Chunk",
                            "byproducts": [ "withered" ],
                            "grow"      : 91
                          }
  },{
      "type"            : "COMESTIBLE",
      "id"              : "mf_seed_9mm_casing",
      "name"            : "種(空薬莢(9mm))",
      "description"     : "どういうわけか薬莢が実る作物の種です。成長したら薬莢の塊が収穫できます。",
      "category"        : "other",
      "material"        : "fruit",
      "color"           : "green",
      "symbol"          : ".",
      "use_action"      : "SEED",
      "weight"          : 1,
      "volume"          : 1,
      "stack_size"      : 100,
      "charges"         : 1,
      "fun"             : 0,
      "price"           : 100,
      "seed_data"       : {
                            "plant_name": "空薬莢(9mm)",
                            "fruit": "9mm_casing_Chunk",
                            "byproducts": [ "withered" ],
                            "grow"      : 91
                          }
  },{
      "type"            : "COMESTIBLE",
      "id"              : "mf_seed_454_casing",
      "name"            : "種(空薬莢(.454口径/カスール))",
      "description"     : "どういうわけか薬莢が実る作物の種です。成長したら薬莢の塊が収穫できます。",
      "category"        : "other",
      "material"        : "fruit",
      "color"           : "green",
      "symbol"          : ".",
      "use_action"      : "SEED",
      "weight"          : 1,
      "volume"          : 1,
      "stack_size"      : 100,
      "charges"         : 1,
      "fun"             : 0,
      "price"           : 100,
      "seed_data"       : {
                            "plant_name": "空薬莢(.454口径/カスール)",
                            "fruit": "454_casing_Chunk",
                            "byproducts": [ "withered" ],
                            "grow"      : 91
                          }
  },{
      "type"            : "COMESTIBLE",
      "id"              : "mf_seed_44_casing",
      "name"            : "種(空薬莢(.44口径/マグナム))",
      "description"     : "どういうわけか薬莢が実る作物の種です。成長したら薬莢の塊が収穫できます。",
      "category"        : "other",
      "material"        : "fruit",
      "color"           : "green",
      "symbol"          : ".",
      "use_action"      : "SEED",
      "weight"          : 1,
      "volume"          : 1,
      "stack_size"      : 100,
      "charges"         : 1,
      "fun"             : 0,
      "price"           : 100,
      "seed_data"       : {
                            "plant_name": "空薬莢(.44口径/マグナム)",
                            "fruit": "44_casing_Chunk",
                            "byproducts": [ "withered" ],
                            "grow"      : 91
                          }
  },{
      "type"            : "COMESTIBLE",
      "id"              : "mf_seed_57mm_casing",
      "name"            : "種(空薬莢(5.7x28mm))",
      "description"     : "どういうわけか薬莢が実る作物の種です。成長したら薬莢の塊が収穫できます。",
      "category"        : "other",
      "material"        : "fruit",
      "color"           : "green",
      "symbol"          : ".",
      "use_action"      : "SEED",
      "weight"          : 1,
      "volume"          : 1,
      "stack_size"      : 100,
      "charges"         : 1,
      "fun"             : 0,
      "price"           : 100,
      "seed_data"       : {
                            "plant_name": "空薬莢(5.7x28mm)",
                            "fruit": "57mm_casing_Chunk",
                            "byproducts": [ "withered" ],
                            "grow"      : 91
                          }
  },{
      "type"            : "COMESTIBLE",
      "id"              : "mf_seed_500_casing",
      "name"            : "種(空薬莢(.50口径/S&Wマグナム))",
      "description"     : "どういうわけか薬莢が実る作物の種です。成長したら薬莢の塊が収穫できます。",
      "category"        : "other",
      "material"        : "fruit",
      "color"           : "green",
      "symbol"          : ".",
      "use_action"      : "SEED",
      "weight"          : 1,
      "volume"          : 1,
      "stack_size"      : 100,
      "charges"         : 1,
      "fun"             : 0,
      "price"           : 100,
      "seed_data"       : {
                            "plant_name": "空薬莢(.50口径/S&Wマグナム)",
                            "fruit": "500_casing_Chunk",
                            "byproducts": [ "withered" ],
                            "grow"      : 91
                          }
  },{
      "type"            : "COMESTIBLE",
      "id"              : "mf_seed_9x18mm_casing",
      "name"            : "種(空薬莢(9x18mm))",
      "description"     : "どういうわけか薬莢が実る作物の種です。成長したら薬莢の塊が収穫できます。",
      "category"        : "other",
      "material"        : "fruit",
      "color"           : "green",
      "symbol"          : ".",
      "use_action"      : "SEED",
      "weight"          : 1,
      "volume"          : 1,
      "stack_size"      : 100,
      "charges"         : 1,
      "fun"             : 0,
      "price"           : 100,
      "seed_data"       : {
                            "plant_name": "空薬莢(9x18mm)",
                            "fruit": "9x18mm_casing_Chunk",
                            "byproducts": [ "withered" ],
                            "grow"      : 91
                          }
  },{
      "type"            : "COMESTIBLE",
      "id"              : "mf_seed_46mm_casing",
      "name"            : "種(空薬莢(4.6x30mm))",
      "description"     : "どういうわけか薬莢が実る作物の種です。成長したら薬莢の塊が収穫できます。",
      "category"        : "other",
      "material"        : "fruit",
      "color"           : "green",
      "symbol"          : ".",
      "use_action"      : "SEED",
      "weight"          : 1,
      "volume"          : 1,
      "stack_size"      : 100,
      "charges"         : 1,
      "fun"             : 0,
      "price"           : 100,
      "seed_data"       : {
                            "plant_name": "空薬莢(4.6x30mm)",
                            "fruit": "46mm_casing_Chunk",
                            "byproducts": [ "withered" ],
                            "grow"      : 91
                          }
  },{
      "type"            : "COMESTIBLE",
      "id"              : "mf_seed_5x50_hull",
      "name"            : "種(空薬莢(5x50))",
      "description"     : "どういうわけか薬莢が実る作物の種です。成長したら薬莢の塊が収穫できます。",
      "category"        : "other",
      "material"        : "fruit",
      "color"           : "green",
      "symbol"          : ".",
      "use_action"      : "SEED",
      "weight"          : 1,
      "volume"          : 1,
      "stack_size"      : 100,
      "charges"         : 1,
      "fun"             : 0,
      "price"           : 100,
      "seed_data"       : {
                            "plant_name": "空薬莢(5x50)",
                            "fruit": "5x50_hull_Chunk",
                            "byproducts": [ "withered" ],
                            "grow"      : 91 
                          }
  }
]