[
  {
      "//"         : "種(カレーパウダー)のレシピ",
      "type"       : "recipe",
      "result"     : "mf_seed_curry_powder",
      "category"   : "CC_OTHER",
      "subcategory": "CSC_OTHER_OTHER",
      "skill_used" : "cooking",
      "difficulty" : 6,
      "time"       : 5000,
      "autolearn"  : true,
      "qualities"  : [{ "id":"CUT","level":1}],
      "components" : [[["slime_scrap",4]]]
  },{
      "//"         : "種(チリペッパー)のレシピ",
      "type"       : "recipe",
      "result"     : "mf_seed_chilly-p",
      "category"   : "CC_OTHER",
      "subcategory": "CSC_OTHER_OTHER",
      "skill_used" : "cooking",
      "difficulty" : 6,
      "time"       : 5000,
      "autolearn"  : true,
      "qualities"  : [{ "id":"CUT","level":1}],
      "components" : [[["slime_scrap",4]]]
  },{
      "//"         : "種(シナモン)のレシピ",
      "type"       : "recipe",
      "result"     : "mf_seed_cinnamon",
      "category"   : "CC_OTHER",
      "subcategory": "CSC_OTHER_OTHER",
      "skill_used" : "cooking",
      "difficulty" : 6,
      "time"       : 5000,
      "autolearn"  : true,
      "qualities"  : [{ "id":"CUT","level":1}],
      "components" : [[["slime_scrap",4]]]
  },{
      "//"         : "種(人肉)のレシピ",
      "type"       : "recipe",
      "result"     : "mf_seed_human_flesh",
      "category"   : "CC_OTHER",
      "subcategory": "CSC_OTHER_OTHER",
      "skill_used" : "cooking",
      "difficulty" : 6,
      "time"       : 5000,
      "autolearn"  : true,
      "qualities"  : [{ "id":"CUT","level":1}],
      "components" : [[["slime_scrap",4]]]
  },{
      "//"         : "種(流体嚢)のレシピ",
      "type"       : "recipe",
      "result"     : "mf_seed_plant_sac",
      "category"   : "CC_OTHER",
      "subcategory": "CSC_OTHER_OTHER",
      "skill_used" : "cooking",
      "difficulty" : 6,
      "time"       : 5000,
      "autolearn"  : true,
      "qualities"  : [{ "id":"CUT","level":1}],
      "components" : [[["slime_scrap",4]]]
  },{
      "//"         : "種(マローカボチャ)のレシピ",
      "type"       : "recipe",
      "result"     : "mf_seed_veggy",
      "category"   : "CC_OTHER",
      "subcategory": "CSC_OTHER_OTHER",
      "skill_used" : "cooking",
      "difficulty" : 6,
      "time"       : 5000,
      "autolearn"  : true,
      "qualities"  : [{ "id":"CUT","level":1}],
      "components" : [[["slime_scrap",4]]]
  },{
      "//"         : "種(コーヒー豆)のレシピ",
      "type"       : "recipe",
      "result"     : "mf_seed_coffee_bean",
      "category"   : "CC_OTHER",
      "subcategory": "CSC_OTHER_OTHER",
      "skill_used" : "cooking",
      "difficulty" : 6,
      "time"       : 5000,
      "autolearn"  : true,
      "qualities"  : [{ "id":"CUT","level":1}],
      "components" : [[["slime_scrap",4]]]
  },{
      "//"         : "種(ハチの巣)のレシピ",
      "type"       : "recipe",
      "result"     : "mf_seed_honny_comb",
      "category"   : "CC_OTHER",
      "subcategory": "CSC_OTHER_OTHER",
      "skill_used" : "cooking",
      "difficulty" : 6,
      "time"       : 5000,
      "autolearn"  : true,
      "qualities"  : [{ "id":"CUT","level":1}],
      "components" : [[["slime_scrap",4]]]
  },{
      "//"         : "種(ミカズフルーツ)のレシピ",
      "type"       : "recipe",
      "result"     : "mf_seed_mycus_fruit",
      "category"   : "CC_OTHER",
      "subcategory": "CSC_OTHER_OTHER",
      "skill_used" : "cooking",
      "difficulty" : 6,
      "time"       : 5000,
      "autolearn"  : true,
      "qualities"  : [{ "id":"CUT","level":1}],
      "components" : [[["slime_scrap",4]]]
  },{
      "//"         : "種(ベーコン)のレシピ",
      "type"       : "recipe",
      "result"     : "mf_seed_bacon",
      "category"   : "CC_OTHER",
      "subcategory": "CSC_OTHER_OTHER",
      "skill_used" : "cooking",
      "difficulty" : 6,
      "time"       : 5000,
      "autolearn"  : true,
      "qualities"  : [{ "id":"CUT","level":1}],
      "components" : [[["slime_scrap",4]]]
  },{
      "//"         : "種(生豆)のレシピ",
      "type"       : "recipe",
      "result"     : "mf_seed_raw_beans",
      "category"   : "CC_OTHER",
      "subcategory": "CSC_OTHER_OTHER",
      "skill_used" : "cooking",
      "difficulty" : 6,
      "time"       : 5000,
      "autolearn"  : true,
      "qualities"  : [{ "id":"CUT","level":1}],
      "components" : [[["slime_scrap",4]]]
  },{
      "//"         : "種(肉)のレシピ", 
      "type"       : "recipe",
      "result"     : "mf_seed_meat",
      "category"   : "CC_OTHER",
      "subcategory": "CSC_OTHER_OTHER",
      "skill_used" : "cooking",
      "difficulty" : 6,
      "time"       : 5000,
      "autolearn"  : true,
      "qualities"  : [{ "id":"CUT","level":1}],
      "components" : [[["slime_scrap",4]]]
  },{ 
      "//"         : "種(卵(鳥))のレシピ", 
      "type"       : "recipe",
      "result"     : "mf_seed_egg_bird",
      "category"   : "CC_OTHER",
      "subcategory": "CSC_OTHER_OTHER",
      "skill_used" : "cooking",
      "difficulty" : 6,
      "time"       : 5000,
      "autolearn"  : true,
      "qualities"  : [{ "id":"CUT","level":1}],
      "components" : [[["slime_scrap",4]]]
  },{ 
      "//"         : "稲のレシピ", 
      "type"       : "recipe",
      "result"     : "mf_seed_dry_rice",
      "category"   : "CC_OTHER",
      "subcategory": "CSC_OTHER_OTHER",
      "skill_used" : "cooking",
      "difficulty" : 6,
      "time"       : 5000,
      "autolearn"  : true,
      "qualities"  : [{ "id":"CUT","level":1}],
      "components" : [[["slime_scrap",4]]]
  },{
      "//"         : "種(粉ミルク)のレシピ", 
      "type"       : "recipe",
      "result"     : "mf_seed_milk_powder",
      "category"   : "CC_OTHER",
      "subcategory": "CSC_OTHER_OTHER",
      "skill_used" : "cooking",
      "difficulty" : 6,
      "time"       : 5000,
      "autolearn"  : true,
      "qualities"  : [{ "id":"CUT","level":1}],
      "components" : [[["slime_scrap",4]]]
  },{
      "//"         : "種(ケーキ)のレシピ",
      "type"       : "recipe",
      "result"     : "mf_seed_jihelucake",
      "category"   : "CC_OTHER",
      "subcategory": "CSC_OTHER_OTHER",
      "skill_used" : "cooking",
      "difficulty" : 6,
      "time"       : 5000,
      "autolearn"  : true,
      "qualities"  : [{ "id":"CUT","level":1}],
      "components" : [[["slime_scrap",4]]]
  },{
      "//"         : "種(炒飯)のレシピ",
      "type"       : "recipe",
      "result"     : "mf_seed_deluxe_rice",
      "category"   : "CC_OTHER",
      "subcategory": "CSC_OTHER_OTHER",
      "skill_used" : "cooking",
      "difficulty" : 6,
      "time"       : 5000,
      "autolearn"  : true,
      "qualities"  : [{ "id":"CUT","level":1}],
      "components" : [[["slime_scrap",4]]]
  },{
      "//"         : "種(ピザ(チーズ))のレシピ",
      "type"       : "recipe",
      "result"     : "mf_seed_pizza_cheese",
      "category"   : "CC_OTHER",
      "subcategory": "CSC_OTHER_OTHER",
      "skill_used" : "cooking",
      "difficulty" : 6,
      "time"       : 5000,
      "autolearn"  : true,
      "qualities"  : [{ "id":"CUT","level":1}],
      "components" : [[["slime_scrap",4]]]
  }
]