[
  {
    "id": "223",
    "type": "AMMO",
    "name": ".223 Remington",
    "description": ".223 Remington ammunition with 36gr JHP bullets.  The .223 round has been very popular with civilian shooters for almost a century, finding use in a wide variety of weapons.  It generates lower pressure than 5.56 NATO leading to slightly decreased accuracy and recoil.",
    "weight": 12,
    "volume": 1,
    "price": 2800,
    "material": [ "brass", "powder" ],
    "symbol": "=",
    "color": "yellow",
    "count": 30,
    "stack_size": 20,
    "ammo_type": "223",
    "casing": "223_casing",
    "range": 36,
    "damage": 56,
    "pierce": 8,
    "dispersion": 30,
    "recoil": 750,
    "effects": [ "COOKOFF" ]
  },
  {
    "id": "556",
    "copy-from": "223",
    "type": "AMMO",
    "name": "5.56 NATO M855A1",
    "description": "5.56x45mm ammunition with a 62gr FMJ bullet containing a steel penetrator.  Its light weight, high accuracy, and manageable recoil lead to widespread use in the 20th century and it remains popular among militaries and civilians.",
    "price": 3500,
    "relative": {
      "damage": -4,
      "pierce": 22,
      "dispersion": -10
    },
    "proportional": { "recoil": 1.1 },
    "extend": { "effects": [ "NEVER_MISFIRES" ] }
  },
  {
    "id": "556_incendiary",
    "copy-from": "556",
    "type": "AMMO",
    "name": "5.56 NATO tracer",
    "description": "This ammunition is a one-in-five mix of M855A1 and M856 tracer rounds to help keep the weapon they are fired from on target.",
    "extend": { "effects": [ "INCENDIARY" ] }
  },
  {
    "id": "reloaded_223",
    "copy-from": "223",
    "type": "AMMO",
    "name": "reloaded .223 Remington",
    "proportional": {
      "price": 0.7,
      "damage": 0.9,
      "dispersion": 1.1
    },
    "extend": { "effects": [ "RECYCLED" ] },
    "delete": { "effects": [ "NEVER_MISFIRES" ] }
  },
  {
    "id": "reloaded_556",
    "copy-from": "556",
    "type": "AMMO",
    "name": "reloaded 5.56 NATO",
    "proportional": {
      "price": 0.7,
      "damage": 0.9,
      "dispersion": 1.1
    },
    "extend": { "effects": [ "RECYCLED" ] },
    "delete": { "effects": [ "NEVER_MISFIRES" ] }
  },
  {
    "id": "reloaded_556_incendiary",
    "copy-from": "556_incendiary",
    "type": "AMMO",
    "name": "reloaded 5.56 NATO tracer",
    "proportional": {
      "price": 0.7,
      "damage": 0.9,
      "dispersion": 1.1
    },
    "extend": { "effects": [ "RECYCLED" ] },
    "delete": { "effects": [ "NEVER_MISFIRES" ] }
  }
]
