[
  {
    "id": "32_acp",
    "type": "AMMO",
    "name": ".32 ACP",
    "description": "The .32 ACP was a popular handgun cartridge in the 20th century.  Not so powerful as the .38 or the 9mm though.",
    "weight": 5,
    "volume": 1,
    "price": 1800,
    "material": [ "brass", "powder" ],
    "symbol": "=",
    "color": "yellow",
    "count": 80,
    "stack_size": 80,
    "ammo_type": "32",
    "casing": "32_casing",
    "range": 12,
    "damage": 20,
    "pierce": 2,
    "dispersion": 35,
    "recoil": 75,
    "effects": [ "COOKOFF" ]
  },
  {
    "id": "reloaded_32_acp",
    "copy-from": "32_acp",
    "type": "AMMO",
    "name": "reloaded .32 ACP",
    "proportional": { "price": 0.7, "damage": 0.9, "dispersion": 1.1 },
    "extend": { "effects": [ "RECYCLED" ] },
    "delete": { "effects": [ "NEVER_MISFIRES" ] }
  }
]
