[
  {
    "id": "50_incendiary",
    "copy-from": "50bmg",
    "type": "AMMO",
    "name": ".50 BMG tracer",
    "description": "A tracer variant of the powerful .50 BMG sniper round.  Tracer rounds to help keep the weapon they are fired from on target at the risk of igniting flammable substances.",
    "count": 10,
    "effects": [ "INCENDIARY" ],
    "proportional": { "dispersion": 0.8 }
  },
  {
    "id": "50bmg",
    "type": "AMMO",
    "name": ".50 BMG Ball",
    "description": "The .50 BMG is a very powerful rifle round designed for long-range use.  Its stupendous accuracy and armor piercing capabilities make it one of the most deadly rounds available, offset only by its drastic recoil and noise.",
    "weight": 114,
    "volume": 1,
    "price": 32500,
    "material": [ "brass", "powder" ],
    "symbol": "=",
    "color": "dark_gray",
    "count": 25,
    "stack_size": 10,
    "ammo_type": "50",
    "casing": "50_casing",
    "range": 65,
    "damage": 162,
    "pierce": 58,
    "dispersion": 30,
    "recoil": 8250,
    "effects": [ "COOKOFF", "NEVER_MISFIRES" ]
  },
  {
    "id": "50ss",
    "copy-from": "50bmg",
    "type": "AMMO",
    "name": ".50 BMG AP",
    "description": "Variant of the .50 BMG round that uses a core of very dense, hardened tungsten steel.  Penetration is increased, but damage is reduced.",
    "count": 10,
    "relative": {
      "damage": -8,
      "pierce": 22
    }
  },
  {
    "id": "reloaded_50_incendiary",
    "copy-from": "50_incendiary",
    "type": "AMMO",
    "name": "reloaded .50 BMG tracer",
    "description": "A tracer variant of the powerful .50 BMG sniper round.  Tracer rounds to help keep the weapon they are fired from on target at the risk of igniting flammable substances.  This one has been hand-reloaded.",
    "proportional": {
      "price": 0.7,
      "damage": 0.9,
      "dispersion": 1.1
    },
    "extend": { "effects": [ "RECYCLED" ] },
    "delete": { "effects": [ "NEVER_MISFIRES" ] }
  },
  {
    "id": "reloaded_50bmg",
    "copy-from": "50bmg",
    "type": "AMMO",
    "name": "reloaded .50 BMG Ball",
    "description": "The .50 BMG is a very powerful rifle round designed for long-range use.  Its stupendous accuracy and armor piercing capabilities make it one of the most deadly rounds available, offset only by its drastic recoil and noise.  This one has been hand-reloaded.",
    "proportional": {
      "price": 0.7,
      "damage": 0.9,
      "dispersion": 1.1
    },
    "extend": { "effects": [ "RECYCLED" ] },
    "delete": { "effects": [ "NEVER_MISFIRES" ] }
  },
  {
    "id": "reloaded_50ss",
    "copy-from": "50ss",
    "type": "AMMO",
    "name": "reloaded .50 BMG AP",
    "description": "Variant of the .50 BMG round that uses a core of very dense, hardened tungsten steel.  Penetration is increased, but damage is reduced.  This one has been hand-reloaded.",
    "proportional": {
      "price": 0.7,
      "damage": 0.9,
      "dispersion": 1.1
    },
    "extend": { "effects": [ "RECYCLED" ] },
    "delete": { "effects": [ "NEVER_MISFIRES" ] }
  }
]
