[
  {
    "id": "9x18mm",
    "type": "AMMO",
    "name": "9x18mm 57-N-181S",
    "description": "9x18mm Makarov ammunition with 93gr steel core FMJ bullets.  The 9x18mm round was very common in the Eastern Bloc during the 20th century and remained in Russian military service into the 21st century.",
    "weight": 8,
    "volume": 1,
    "price": 2600,
    "material": [ "steel", "powder" ],
    "symbol": "=",
    "color": "yellow",
    "count": 50,
    "stack_size": 50,
    "ammo_type": "9x18",
    "casing": "9x18mm_casing",
    "range": 13,
    "damage": 20,
    "pierce": 3,
    "dispersion": 30,
    "recoil": 100,
    "effects": [ "COOKOFF" ]
  },
  {
    "id": "9x18mmP2",
    "copy-from": "9x18mm",
    "type": "AMMO",
    "name": "9x18mm SP-7",
    "description": "9x18mm Makarov SP-7 ammunition.  The 9x18mm round was very common in the Eastern Bloc during the 20th century and remained in Russian military service into the 21st century.",
    "price": 2900,
    "count": 25,
    "relative": {
      "range": 2,
      "damage": 4,
      "dispersion": -10
    },
    "proportional": { "recoil": 1.1 }
  },
  {
    "id": "9x18mmfmj",
    "copy-from": "9x18mm",
    "type": "AMMO",
    "name": "9x18mm RG028",
    "description": "9x18mm Makarov RG028 ammunition.  The RG028 round uses bullets with a hardened steel core to improve armor penetration.",
    "price": 3100,
    "relative": {
      "damage": -2,
      "pierce": 4
    }
  },
  {
    "id": "reloaded_9x18mm",
    "copy-from": "9x18mm",
    "type": "AMMO",
    "name": "reloaded 9x18mm",
    "description": "9x18 millimeter Makarov, an old Soviet pistol cartridge used mainly by the Makarov PM.  As the designation implies, it is a bit shorter in case length compared to 9mm Parabellum.  This one has been hand-reloaded.",
    "proportional": {
      "price": 0.7,
      "damage": 0.9,
      "dispersion": 1.1
    },
    "extend": { "effects": [ "RECYCLED" ] },
    "delete": { "effects": [ "NEVER_MISFIRES" ] }
  },
  {
    "id": "reloaded_9x18mmP2",
    "copy-from": "9x18mmP2",
    "type": "AMMO",
    "name": "reloaded 9x18mm +P+",
    "//": "Rather than give it a military designation, this is simply handmade overpressure ammo.",
    "description": "9x18 millimeter Makarov, an old Soviet pistol cartridge used mainly by the Makarov PM.  This one has been hand-reloaded to generate higher internal pressure, boosting flight stability and damage.",
    "proportional": {
      "price": 0.7,
      "damage": 0.9,
      "dispersion": 1.1
    },
    "extend": { "effects": [ "RECYCLED" ] },
    "delete": { "effects": [ "NEVER_MISFIRES" ] }
  },
  {
    "id": "reloaded_9x18mmfmj",
    "copy-from": "9x18mmfmj",
    "type": "AMMO",
    "name": "reloaded 9x18mm FMJ",
    "description": "9x18 millimeter Makarov, an old Soviet pistol cartridge used mainly by the Makarov PM.  This brass-jacketed round increases penetration slightly, at the cost of reduced expansion.  This one has been hand-reloaded.",
    "proportional": {
      "price": 0.7,
      "damage": 0.9,
      "dispersion": 1.1
    },
    "extend": { "effects": [ "RECYCLED" ] },
    "delete": { "effects": [ "NEVER_MISFIRES" ] }
  }
]
