[
  {
    "type": "COMESTIBLE",
    "id": "acorns",
    "name": "handful of acorns",
    "name_plural": "handfuls of acorns",
    "weight": 212,
    "color": "brown",
    "comestible_type": "FOOD",
    "symbol": "%",
    "quench": -5,
    "healthy": -1,
    "nutrition": 6,
    "description": "A handful of acorns, still in their shells.  Squirrels like them, but they're not very good for you to eat in this state.",
    "price": 0,
    "material": "veggy",
    "volume": 1,
    "charges": 2,
    "fun": -20,
    "seed_data": { "plant_name": "オークの苗木", "fruit": "withered", "seeds": false, "byproducts": [ "oak_seedling" ], "grow": 60 }
  },
  {
    "type": "GENERIC",
    "id": "pinecone",
    "symbol": ",",
    "color": "brown",
    "name": "pinecone",
    "description": "A spiny pod from a pine tree.  Dry seeds rattle around inside when you shake it.",
    "weight": 90,
    "volume": 1,
    "to_hit": -2,
    "flags": [ "TRADER_AVOID" ],
    "seed_data": { "plant_name": "マツの苗木", "fruit": "withered", "seeds": false, "byproducts": [ "pine_seedling" ], "grow": 60 }
  }
]
