[

  {
    "id": "camdrone",
    "type": "TOOL",
    "symbol": "#",
    "color": "green",
    "name": "観測ドローン",
    "description": "可動カメラを搭載したクアッドロータードローンです。十分な量の原子力電池を内蔵しているため他の電源を必要としません。観測ドローンシステムの一部であり、これ単体では機能しません。",
    "price": 50000,
    "material": "steel",
    "weight": 3400 ,
    "volume": 7,
    "bashing": 5,
    "to_hit": -3,
    "revert_to": "null"
  },
  
  {
    "id": "camdrone_system",
    "type": "TOOL",
    "symbol": "#",
    "color": "green",
    "name": "観測ドローンシステム",
    "description": "観測ドローンと制御端末のセットです。いくつかの精密機械が専用の収納袋に詰め込まれています。使用するとドローンが空高く上昇し、周辺地域の地形観測データを集めます。遠くから見ただけではよく分からない特殊な地形は未探索地域として地図に記録します。そこに何かがあることは分かるので、必要なら近付いて確認しましょう。一流の専門技術者ならもっと小さく軽く作れるのかもしれませんが今はこれが限界です。一度使うごとに簡単な分解整備をする必要があります。",
    "price": 60000,
    "material": "steel",
    "weight": 3800,
    "volume": 8,
    "bashing": 5,
    "to_hit": -3,
    "revert_to": "null",
    "use_action": {
      "type": "reveal_map",
      "message": "vroooooom... ドローンが飛び立ちました。",
      "radius": 30,
      "terrain": [    "open_air",
                        "crater",
                        "field",
                        "forest",
                        "forest_thick",
                        "forest_water",
                        "hiway_ns",
                        "hiway_ew",
                        "road",
                        "road_nesw_manhole",
                        "bridge",
                        "river_center",
                        "river",
                        "river_c_not_ne",
                        "river_c_not_nw",
                        "river_c_not_se",
                        "river_c_not_sw",
                        "river_ne",
                        "river_se",
                        "river_sw",
                        "river_nw",
                        "house",
                        "house_base",
                        "pool",
                        "pond_field",
                        "pond_forest",
                        "pond_swamp" ] }
 },

  {
    "id": "camdrone_system_adv",
    "type": "TOOL",
    "symbol": "#",
    "color": "green",
    "name": "改良型観測ドローンシステム",
    "description": "より小型軽量かつ高効率に改良した観測ドローンシステムです。旧世界の市販品に勝るとも劣らない、我ながら惚れ惚れとする出来ばえです。カメラの望遠性能が向上したことで視認範囲が広がりました。また、蜂の巣など一部の地形を識別できるようになりました。一度使うごとに簡単な分解整備をする必要があります。",
    "price": 120000,
    "material": "steel",
    "weight": 2600,
    "volume": 5,
    "bashing": 4,
    "to_hit": -3,
    "revert_to": "null",
    "use_action": {
      "type": "reveal_map",
      "message": "vroooooom... ドローンが飛び立ちました。",
      "radius": 35,
      "terrain": [    "open_air",
                        "crater",
                        "field",
                        "forest",
                        "forest_thick",
                        "forest_water",
                        "hiway_ns",
                        "hiway_ew",
                        "road",
                        "road_nesw_manhole",
                        "bridge",
                        "river_center",
                        "river",
                        "river_c_not_ne",
                        "river_c_not_nw",
                        "river_c_not_se",
                        "river_c_not_sw",
                        "river_ne",
                        "river_se",
                        "river_sw",
                        "river_nw",
                        "house",
                        "house_base",
                        "pool",
                        "pond_field",
                        "pond_forest",
                        "pond_swamp",
                        "hive",
                        "slimepit",
                        "slimepit_down",
                        "shipwreck_river_1",
                        "shipwreck_river_2",
                        "shipwreck_river_3",
                        "shipwreck_river_4",
                        "fungal_bloom",
                        "fungal_tower",
                        "fungal_flowers",
                        "triffid_grove" ] }
  }

]