[
 {
  "result": "RP_non_la",
    "type": "recipe",
    "category": "CC_ARMOR",
    "subcategory": "CSC_ARMOR_HEAD",
    "skill_used": "tailor",
    "difficulty": 2,
    "time": 45000,
    "autolearn": true,
    "using": [ [ "filament", 8 ] ],
    "qualities": [ { "id": "SEW", "level": 1 } ],
    "components": [ 
      [ [ "straw_pile", 7 ] ],
      [ [ "rag", 2 ] ],
      [ [ "string_36", 1 ], [ "string_6", 2 ] ]
    ]
 },
 {
   "result": "RP_survivor_non_la",
    "type": "recipe",
    "category": "CC_ARMOR",
    "subcategory": "CSC_ARMOR_HEAD",
    "skill_used": "tailor",
    "difficulty": 7,
    "skills_required": [ [ "fabrication", 6 ], [ "survival", 6 ] ],
    "time": 60000,
    "autolearn": true,
    "using": [ [ "filament", 30 ] ],
    "qualities": [
      { "id": "HAMMER", "level": 1 },
      { "id": "SAW_M", "level": 1 },
      { "id": "CUT", "level": 1 },
      { "id": "SEW", "level": 1 }
    ],
    "tools": [ [ [ "welder", 60 ], [ "welder_crude", 90 ], [ "soldering_iron", 90 ], [ "toolset", 90 ] ] ],
    "components": [
      [ [ "RP_non_la", 1 ] ],
      [ [ "helmet_liner", 1 ], [ "rag", 3 ] ],
      [ [ "kevlar_plate", 12 ] ],
      [ [ "hood_rain", 1 ] ],
      [ [ "plastic_chunk", 8 ] ],
      [ [ "steel_chunk", 3 ], [ "scrap", 12 ] ],
      [ [ "duct_tape", 150 ] ]
    ]
 },
 {
    "result": "RP_combat_ninjasuit",
    "type": "recipe",
    "category": "CC_ARMOR",
    "subcategory": "CSC_ARMOR_SUIT",
    "skill_used": "tailor",
    "difficulty": 7,
    "skills_required": [ [ "fabrication", 6 ], [ "survival", 6 ] ],
    "time": 420000,
    "autolearn": true,
    "using": [ [ "filament", 100 ] ],
    "qualities": [
      { "id": "CUT", "level": 1 },
      { "id": "SEW", "level": 1 }
    ],
    "tools": [ [ [ "welder", 80 ], [ "welder_crude", 120 ], [ "soldering_iron", 120 ], [ "toolset", 120 ] ] ],
    "components": [
      [ [ "rag", 30 ] ],
      [ [ "leather", 16 ], [ "tanned_hide", 4 ] ],
      [ [ "coat_rain", 1 ] ],
      [ [ "chestrig", 1 ], [ "vest", 1 ] ],
      [ [ "tool_belt", 1 ] ],
      [ [ "legrig", 1 ] ],
      [ [ "ragpouch", 4 ], [ "leather_pouch", 4 ] ],
      [ [ "plastic_chunk", 12 ] ],
      [ [ "kevlar", 1 ], [ "modularvest", 1 ], [ "kevlar_plate", 20 ] ],
      [ [ "duct_tape", 200 ] ]
     ]
 },
 {
    "result": "RP_survivor_cloak",
    "type": "recipe",
    "category": "CC_ARMOR",
    "subcategory": "CSC_ARMOR_SUIT",
    "skill_used": "tailor",
    "difficulty": 7,
    "skills_required": [ [ "fabrication", 6 ], [ "survival", 6 ] ],
    "time": 150000,
    "reversible": true,
    "autolearn": true,
    "using": [ [ "filament", 80 ] ],
    "qualities": [
      { "id": "CUT", "level": 1 },
      { "id": "SEW", "level": 1 }
    ],
    "tools": [ [ [ "welder", 36 ], [ "welder_crude", 54 ], [ "soldering_iron", 54 ], [ "toolset", 54 ] ] ],
    "components": [ 
      [ [ "rag", 20 ], [ "cloak", 1 ] ],
      [ [ "leather", 12 ], [ "tanned_hide", 3 ] ],
      [ [ "kevlar_plate", 12 ] ],
      [ [ "nomex", 12 ] ],
      [ [ "duct_tape", 150 ] ]
    ]
 },
 {
    "result": "RP_combat_ninjagloves",
    "type": "recipe",
    "category": "CC_ARMOR",
    "subcategory": "CSC_ARMOR_HANDS",
    "skill_used": "tailor",
    "difficulty": 7,
    "skills_required": [ [ "fabrication", 6 ], [ "survival", 6 ] ],
    "time": 105000,
    "autolearn": true,
    "using": [ [ "filament", 40 ] ],
    "qualities": [
      { "id": "CUT", "level": 1 },
      { "id": "SEW", "level": 1 }
    ],
    "tools": [ [ [ "welder", 20 ], [ "welder_crude", 30 ], [ "soldering_iron", 30 ], [ "toolset", 30 ] ] ],
    "components": [
      [ [ "gloves_tactical", 1 ], [ "kevlar_plate", 4 ] ],
      [ [ "leather", 6 ] ],
      [ [ "steel_chunk", 2 ], [ "scrap", 6 ] ],
      [ [ "duct_tape", 50 ] ]
    ]
 },
 {
    "result": "RP_combat_ninjaboots",
    "type": "recipe",
    "category": "CC_ARMOR",
    "subcategory": "CSC_ARMOR_FEET",
    "skill_used": "tailor",
    "difficulty": 7,
    "skills_required": [ [ "fabrication", 6 ], [ "survival", 6 ] ],
    "time": 140000,
    "autolearn": true,
    "using": [ [ "filament", 50 ] ],
    "qualities": [
      { "id": "CUT", "level": 1 },
      { "id": "SEW", "level": 1 }
    ],
    "tools": [ [ [ "welder", 28 ], [ "welder_crude", 42 ], [ "soldering_iron", 42 ], [ "toolset", 42 ] ] ],
    "components": [
      [ [ "boots_combat", 1 ] ],
      [ [ "leather", 6 ] ],
      [ [ "kevlar_plate", 6 ] ],
      [ [ "plastic_chunk", 8 ] ],
      [ [ "duct_tape", 100 ] ]
    ]
 },
 {
    "result": "RP_furoshiki",
    "type": "recipe",
    "category": "CC_ARMOR",
    "subcategory": "CSC_ARMOR_STORAGE",
    "skill_used": "tailor",
    "difficulty": 1,
    "time": 12000,
    "autolearn": true,
    "using": [ [ "filament", 10 ] ],
    "qualities": [ { "id": "SEW", "level": 1 } ],
    "components": [ [ [ "rag", 8 ] ] ]
  },
  {
    "result": "RP_survivor_furoshiki",
    "type": "recipe",
    "category": "CC_ARMOR",
    "subcategory": "CSC_ARMOR_STORAGE",
    "skill_used": "tailor",
    "difficulty": 4,
    "skills_required": [ [ "fabrication", 3 ], [ "survival", 2 ] ],
    "time": 20000,
    "autolearn": true,
    "using": [ [ "filament", 12 ] ],
    "qualities": [ { "id": "SEW", "level": 1 } ],
    "components": [
       [ [ "RP_furoshiki", 1 ] ],
       [ [ "kevlar_plate", 6 ] ],
       [ [ "duct_tape", 50 ] ]
    ]
  },
  {
    "result": "RP_bamboo_spear",
    "type" : "recipe",
    "category": "CC_WEAPON",
    "subcategory": "CSC_WEAPON_PIERCING",
    "skill_used": "fabrication",
    "difficulty": 6,
    "skills_required": [ "survival", 6 ],
    "time": 15000,
    "autolearn": true,
    "qualities":[ { "id": "SAW_M", "level": 2 } ],
  "components": [
      [ [ "RP_bio_bamboo", 1 ] ]
    ]
  },
  {
    "result": "RP_bamboo_javelin",
    "type" : "recipe",
    "category": "CC_WEAPON",
    "subcategory": "CSC_WEAPON_PIERCING",
    "skill_used": "fabrication",
    "difficulty": 6,
    "skills_required": [ [ "survival", 6 ], [ "throw", 3 ] ],
    "time": 25000,
    "autolearn": true,
    "qualities":[
      { "id": "HAMMER", "level": 1 },
      { "id": "SAW_M", "level": 2 }
  ],
  "components": [
      [ [ "RP_bio_bamboo", 1 ], [ "RP_bamboo_spear", 1 ] ],
      [ [ "scrap", 2 ] ],
      [ [ "duct_tape", 50 ] ]
    ]
  }
]