[
   {
      "id": "RP_non_la",
      "type": "ARMOR",
      "name": "編笠",
      "description": "東南アジアの農民が作業時の日よけとして被る円錐型の編笠です。後頭部を覆うように布を垂らしてある分、普通の帽子よりは頼もしいような気がしないでもありません。",
      "weight": 216,
      "volume": 8,
      "price": 150,
      "to_hit": -2,
      "material": [ "paper", "cotton" ],
      "symbol": "[",
      "color": "dark_gray",
      "covers": [ "HEAD" ],
      "coverage": 70,
      "warmth": 2,
      "encumbrance": 10,
      "material_thickness": 2,
      "environmental_protection": 1,
      "flags": [ "SUN_GLASSES", "RAINPROOF" ]
   },
   {
      "id": "RP_survivor_non_la",
      "type": "ARMOR",
      "name": "サバイバー編笠",
      "category": "armor",
      "description": "現代的な素材で強化された頑丈な編笠です。金属で補強された笠の縁は鋭く砥がれており、斬撃武器としても使用可能です。更に後頭部もケブラーと金属でしっかりとガードされ、戦闘用ヘルメットと比較しても遜色ない防御性能があります。世紀末の地獄を生き抜くサバイバー忍者に相応しい被り物です。",
      "weight": 964,
      "volume": 9,
      "price": 40000,
      "to_hit": -1,
      "bashing": 4,
      "cutting": 12,
      "material": [ "cotton", "kevlar", "steel", "paper", "plastic" ],
      "symbol": "[",
      "color": "green",
      "covers": [ "HEAD" ],
      "coverage": 95,
      "warmth": 10,
      "encumbrance": 20,
      "material_thickness": 4,
      "environmental_protection": 5,
      "techniques": [ "WBLOCK_1" ],
      "flags": [ "VARSIZE", "SUN_GLASSES", "STURDY", "WATERPROOF" ]
   },
   {
      "id": "RP_combat_ninjasuit",
      "type": "ARMOR",
      "category": "armor",
      "name": "コンバットニンジャスーツ",
      "description": "革と現代的な素材で強化された森林迷彩柄の忍者装束です。外付けポーチ類に加えて多数の隠しポケットがあり、見た目から想像する以上に大量の物が入ります。世紀末の地獄を生き抜くサバイバー忍者に相応しい装束です。",
      "weight": 3820,
      "volume": 25,
      "price": 120000,
      "material": [ "kevlar", "leather", "plastic", "cotton" ],
      "symbol": "[",
      "color": "green",
      "covers": [ "LEGS", "TORSO", "ARMS" ],
      "coverage": 100,
      "encumbrance": 22,
      "storage": 48,
      "warmth": 15,
      "material_thickness": 4,
      "environmental_protection": 5,
      "flags": [ "VARSIZE", "WATERPROOF", "POCKETS", "STURDY" ]
   },
   {
     "id": "RP_survivor_cloak",
     "type": "ARMOR",
     "category": "armor",
     "name": "サバイバー外套",
     "description": "革と現代的な素材で強化された頑丈な外套です。フードは邪魔に感じたので切り落としましたが、代わりに内側に様々な物を収納できるよう改造してあります。世紀末の地獄を生き抜くサバイバー忍者に相応しい外套です。",
     "weight": 3088,
     "volume": 16,
     "price": 72000,
     "to_hit": -1,
     "material": [ "cotton", "kevlar", "leather", "nomex" ],
     "symbol": "[",
     "color": "green",
     "covers": [ "TORSO", "ARMS", "LEGS" ],
     "coverage": 70,
     "encumbrance": 8,
     "storage": 20,
     "warmth": 20,
     "material_thickness": 5,
     "environmental_protection": 5,
     "flags": [ "OVERSIZE", "OUTER", "STURDY", "RAINPLOOF" ]
   },
   {
     "id": "RP_combat_ninjagloves",
     "type": "ARMOR",
     "category": "armor",
     "name": "コンバットニンジャグローブ",
     "description": "防御力を向上させつつ指の動きを阻害しないよう改造を加えたタクティカルグローブです。世紀末の地獄を生き抜くサバイバー忍者に相応しい手甲です。",
     "weight": 535,
     "volume": 4,
     "price": 24000,
     "material": [ "kevlar", "leather", "steel" ],
     "symbol": "[",
     "color": "green",
     "covers": [ "HANDS" ],
     "coverage": 100,
     "encumbrance": 12,
     "warmth": 15,
     "material_thickness": 2,
     "environmental_protection": 3,
     "flags": [ "VARSIZE", "WATERPROOF", "STURDY" ]
   },
   {
     "id": "RP_combat_ninjaboots",
     "type": "ARMOR",
     "category": "armor",
     "name": "コンバットニンジャブーツ",
     "description": "動きやすく、そして更なる耐久性を得られるよう改造を加えたコンバットブーツです。世紀末の地獄を生き抜くサバイバー忍者に相応しい履物です。",
     "weight": 1280,
     "volume": 9,
     "price": 24000,
     "to_hit": -1,
     "bashing": 5,
     "material": [ "kevlar", "leather", "plastic" ],
     "symbol": "[",
     "color": "green",
     "covers": [ "FEET" ],
     "coverage": 100,
     "encumbrance": 18,
     "warmth": 20,
     "material_thickness": 4,
     "environmental_protection": 5,
     "flags": [ "VARSIZE", "WATERPROOF", "STURDY" ]
   },
   {
     "id": "RP_furoshiki",
     "type": "ARMOR",
     "name": "風呂敷",
     "description": "日本において古来より使われている物を包んで持ち運ぶための大きな布きれです。使わない時は小さく折りたたんでおけるので携帯性に優れています。",
     "weight": 80,
     "volume": 2,
     "price": 1000,
     "material": [ "cotton" ],
     "symbol": "[",
     "color": "dark_gray",
     "covers": [ "TORSO" ],
     "coverage": 5,
     "encumbrance": 1,
     "storage": 12,
     "warmth": 1,
     "material_thickness": 1,
     "flags": [ "OUTER" ]
   },
   {
     "id": "RP_survivor_furoshiki",
     "type": "ARMOR",
     "name": "サバイバー風呂敷",
     "description": "現代的な素材で強化された頑丈な風呂敷です。何故か森林迷彩が施されています。世紀末の地獄を生き抜くサバイバー忍者に相応しい風呂敷です。",
     "weight": 360,
     "volume": 3,
     "price": 10000,
     "material": [ "cotton", "kevlar" ],
     "symbol": "[",
     "color": "green",
     "covers": [ "TORSO" ],
     "coverage": 5,
     "encumbrance": 1,
     "storage": 12,
     "warmth": 1,
     "material_thickness": 2,
     "flags": [ "OUTER", "STURDY" ]
   }
]