[
  {
    "id": "DopeChemSTR",
    "type" : "COMESTIBLE",
    "comestible_type" : "MED",
    "name": "筋力増強剤(STR)",
    "name_plural": "筋力増強剤(STR)",
    "description": "変異原物質と呼ばれる物体からそれっぽいものを選びそれっぽく濃縮した自家製の薬物です。摂取すれば強靭な肉体を手に入れられる気がしますが気のせいかもしれません。",
    "weight": 10,
    "volume": 1,
    "price": 0,
    "symbol": "!",
    "color": "dark_gray",
    "charges": 1,
    "stack_size": 1,
    "use_action" : "IUSE_SDC_STR"
  },
  {
    "id": "DopeChemDEX",
    "type" : "COMESTIBLE",
    "comestible_type" : "MED",
    "name": "反射神経活性剤(DEX)",
    "name_plural": "反射神経活性剤(DEX)",
    "description": "変異原物質と呼ばれる物体からそれっぽいものを選びそれっぽく濃縮した自家製の薬物です。摂取すれば超人的な反射神経を手に入れられる気がしますが気のせいかもしれません。",
    "weight": 10,
    "volume": 1,
    "price": 0,
    "symbol": "!",
    "color": "dark_gray",
    "charges": 1,
    "stack_size": 1,
    "use_action" : "IUSE_SDC_DEX"
  },
  {
    "id": "DopeChemINT",
    "type" : "COMESTIBLE",
    "comestible_type" : "MED",
    "name": "思考加速剤(INT)",
    "name_plural": "思考加速剤(INT)",
    "description": "変異原物質と呼ばれる物体からそれっぽいものを選びそれっぽく濃縮した自家製の薬物です。摂取すれば驚異的な頭脳を手に入れられる気がしますが気のせいかもしれません。",
    "weight": 10,
    "volume": 1,
    "price": 0,
    "symbol": "!",
    "color": "dark_gray",
    "charges": 1,
    "stack_size": 1,
    "use_action" : "IUSE_SDC_INT"
  },
  {
    "id": "DopeChemPER",
    "type" : "COMESTIBLE",
    "comestible_type" : "MED",
    "name": "感覚強化剤(PER)",
    "name_plural": "感覚強化剤(PER)",
    "description": "変異原物質と呼ばれる物体からそれっぽいものを選びそれっぽく濃縮した自家製の薬物です。摂取すれば超越した感覚を手に入れられる気がしますが気のせいかもしれません。",
    "weight": 10,
    "volume": 1,
    "price": 0,
    "symbol": "!",
    "color": "dark_gray",
    "charges": 1,
    "stack_size": 1,
    "use_action" : "IUSE_SDC_PER"
  },
  {
    "id": "DopeChemRESET",
    "type" : "COMESTIBLE",
    "comestible_type" : "MED",
    "name": "遺伝配列修復剤",
    "name_plural": "遺伝配列修復剤",
    "description": "自作の肉体強化薬品による遺伝子の損傷を回復させる気がする成分を集めた自家製の薬物です。摂取すれば以前の自分に戻れるかもしれませんが元に戻らないものもあります。",
    "weight": 15,
    "volume": 1,
    "price": 0,
    "symbol": "!",
    "color": "dark_gray",
    "charges": 1,
    "stack_size": 1,
    "use_action" : "IUSE_SDC_RESET"
  },
  {
    "id": "DopeChemREB",
    "type" : "COMESTIBLE",
    "comestible_type" : "MED",
    "name": "副作用軽減剤",
    "name_plural": "副作用軽減剤",
    "description": "肉体を強化する自家製の薬物で引き起こされる副作用をある程度防ぐ効果があると思われる薬剤です。摂取すれば副作用を避ける事が出来るかもしれません。",
    "weight": 15,
    "volume": 1,
    "price": 0,
    "symbol": "!",
    "color": "dark_gray",
    "charges": 1,
    "stack_size": 1,
    "use_action" : "IUSE_SDC_REB"
  }
]
