[

  { "result": "hk_g80mag", "type": "recipe", "category": "CC_WEAPON", "subcategory": "CSC_WEAPON_MAGAZINES", "skill_used": "fabrication", "difficulty": 6, "skills_required": [ "gun", 4 ], "time": 60000, "reversible": true, "decomp_learn": 4, "qualities": [ { "id": "SAW_M", "level": 1 }, { "id": "HAMMER", "level": 1 }, { "id": "SCREW_FINE", "level": 1 }, { "id": "GLARE", "level": 2 } ], "tools": [ [ [ "large_repairkit", 150 ] ] ], "components": [ [ [ "sheet_metal", 3 ] ], [ [ "spring", 1 ] ], [ [ "duct_tape", 40 ] ] ] },
  { "result": "20x66_10_mag", "type": "recipe", "category": "CC_WEAPON", "subcategory": "CSC_WEAPON_MAGAZINES", "skill_used": "fabrication", "difficulty": 6, "skills_required": [ "gun", 4 ], "time": 60000, "reversible": true, "decomp_learn": 4, "qualities": [ { "id": "SAW_M", "level": 1 }, { "id": "HAMMER", "level": 1 }, { "id": "SCREW_FINE", "level": 1 }, { "id": "GLARE", "level": 2 } ], "tools": [ [ [ "large_repairkit", 150 ] ] ], "components": [ [ [ "sheet_metal", 3 ] ], [ [ "spring", 1 ] ], [ [ "duct_tape", 40 ] ] ] },
  { "result": "20x66_20_mag", "type": "recipe", "category": "CC_WEAPON", "subcategory": "CSC_WEAPON_MAGAZINES", "skill_used": "fabrication", "difficulty": 6, "skills_required": [ "gun", 4 ], "time": 60000, "reversible": true, "decomp_learn": 4, "qualities": [ { "id": "SAW_M", "level": 1 }, { "id": "HAMMER", "level": 1 }, { "id": "SCREW_FINE", "level": 1 }, { "id": "GLARE", "level": 2 } ], "tools": [ [ [ "large_repairkit", 150 ] ] ], "components": [ [ [ "sheet_metal", 3 ] ], [ [ "spring", 1 ] ], [ [ "duct_tape", 40 ] ] ] },
  { "result": "20x66_40_mag", "type": "recipe", "category": "CC_WEAPON", "subcategory": "CSC_WEAPON_MAGAZINES", "skill_used": "fabrication", "difficulty": 6, "skills_required": [ "gun", 4 ], "time": 60000, "reversible": true, "decomp_learn": 4, "qualities": [ { "id": "SAW_M", "level": 1 }, { "id": "HAMMER", "level": 1 }, { "id": "SCREW_FINE", "level": 1 }, { "id": "GLARE", "level": 2 } ], "tools": [ [ [ "large_repairkit", 150 ] ] ], "components": [ [ [ "sheet_metal", 3 ] ], [ [ "spring", 1 ] ], [ [ "duct_tape", 40 ] ] ] },
  { "result": "360_200_mag", "type": "recipe", "category": "CC_WEAPON", "subcategory": "CSC_WEAPON_MAGAZINES", "skill_used": "fabrication", "difficulty": 6, "skills_required": [ "gun", 4 ], "time": 60000, "reversible": true, "decomp_learn": 4, "qualities": [ { "id": "SAW_M", "level": 1 }, { "id": "HAMMER", "level": 1 }, { "id": "SCREW_FINE", "level": 1 }, { "id": "GLARE", "level": 2 } ], "tools": [ [ [ "large_repairkit", 150 ] ] ], "components": [ [ [ "sheet_metal", 3 ] ], [ [ "spring", 1 ] ], [ [ "duct_tape", 40 ] ] ] },
  { "result": "360_400_mag", "type": "recipe", "category": "CC_WEAPON", "subcategory": "CSC_WEAPON_MAGAZINES", "skill_used": "fabrication", "difficulty": 6, "skills_required": [ "gun", 4 ], "time": 60000, "reversible": true, "decomp_learn": 4, "qualities": [ { "id": "SAW_M", "level": 1 }, { "id": "HAMMER", "level": 1 }, { "id": "SCREW_FINE", "level": 1 }, { "id": "GLARE", "level": 2 } ], "tools": [ [ [ "large_repairkit", 150 ] ] ], "components": [ [ [ "sheet_metal", 3 ] ], [ [ "spring", 1 ] ], [ [ "duct_tape", 40 ] ] ] },
  { "result": "a180mag", "type": "recipe", "category": "CC_WEAPON", "subcategory": "CSC_WEAPON_MAGAZINES", "skill_used": "fabrication", "difficulty": 6, "skills_required": [ "gun", 4 ], "time": 60000, "reversible": true, "decomp_learn": 4, "qualities": [ { "id": "SAW_M", "level": 1 }, { "id": "HAMMER", "level": 1 }, { "id": "SCREW_FINE", "level": 1 }, { "id": "GLARE", "level": 2 } ], "tools": [ [ [ "large_repairkit", 150 ] ] ], "components": [ [ [ "sheet_metal", 3 ] ], [ [ "spring", 1 ] ], [ [ "duct_tape", 40 ] ] ] },
  { "result": "mosquitomag", "type": "recipe", "category": "CC_WEAPON", "subcategory": "CSC_WEAPON_MAGAZINES", "skill_used": "fabrication", "difficulty": 6, "skills_required": [ "gun", 4 ], "time": 60000, "reversible": true, "decomp_learn": 4, "qualities": [ { "id": "SAW_M", "level": 1 }, { "id": "HAMMER", "level": 1 }, { "id": "SCREW_FINE", "level": 1 }, { "id": "GLARE", "level": 2 } ], "tools": [ [ [ "large_repairkit", 150 ] ] ], "components": [ [ [ "sheet_metal", 3 ] ], [ [ "spring", 1 ] ], [ [ "duct_tape", 40 ] ] ] },
  { "result": "ruger1022bigmag", "type": "recipe", "category": "CC_WEAPON", "subcategory": "CSC_WEAPON_MAGAZINES", "skill_used": "fabrication", "difficulty": 6, "skills_required": [ "gun", 4 ], "time": 60000, "reversible": true, "decomp_learn": 4, "qualities": [ { "id": "SAW_M", "level": 1 }, { "id": "HAMMER", "level": 1 }, { "id": "SCREW_FINE", "level": 1 }, { "id": "GLARE", "level": 2 } ], "tools": [ [ [ "large_repairkit", 150 ] ] ], "components": [ [ [ "sheet_metal", 3 ] ], [ [ "spring", 1 ] ], [ [ "duct_tape", 40 ] ] ] },
  { "result": "ruger1022mag", "type": "recipe", "category": "CC_WEAPON", "subcategory": "CSC_WEAPON_MAGAZINES", "skill_used": "fabrication", "difficulty": 6, "skills_required": [ "gun", 4 ], "time": 60000, "reversible": true, "decomp_learn": 4, "qualities": [ { "id": "SAW_M", "level": 1 }, { "id": "HAMMER", "level": 1 }, { "id": "SCREW_FINE", "level": 1 }, { "id": "GLARE", "level": 2 } ], "tools": [ [ [ "large_repairkit", 150 ] ] ], "components": [ [ [ "sheet_metal", 3 ] ], [ [ "spring", 1 ] ], [ [ "duct_tape", 40 ] ] ] },
  { "result": "sw22mag", "type": "recipe", "category": "CC_WEAPON", "subcategory": "CSC_WEAPON_MAGAZINES", "skill_used": "fabrication", "difficulty": 6, "skills_required": [ "gun", 4 ], "time": 60000, "reversible": true, "decomp_learn": 4, "qualities": [ { "id": "SAW_M", "level": 1 }, { "id": "HAMMER", "level": 1 }, { "id": "SCREW_FINE", "level": 1 }, { "id": "GLARE", "level": 2 } ], "tools": [ [ [ "large_repairkit", 150 ] ] ], "components": [ [ [ "sheet_metal", 3 ] ], [ [ "spring", 1 ] ], [ [ "duct_tape", 40 ] ] ] },
  { "result": "lw223bigmag", "type": "recipe", "category": "CC_WEAPON", "subcategory": "CSC_WEAPON_MAGAZINES", "skill_used": "fabrication", "difficulty": 6, "skills_required": [ "gun", 4 ], "time": 60000, "reversible": true, "decomp_learn": 4, "qualities": [ { "id": "SAW_M", "level": 1 }, { "id": "HAMMER", "level": 1 }, { "id": "SCREW_FINE", "level": 1 }, { "id": "GLARE", "level": 2 } ], "tools": [ [ [ "large_repairkit", 150 ] ] ], "components": [ [ [ "sheet_metal", 3 ] ], [ [ "spring", 1 ] ], [ [ "duct_tape", 40 ] ] ] },
  { "result": "lw223mag", "type": "recipe", "category": "CC_WEAPON", "subcategory": "CSC_WEAPON_MAGAZINES", "skill_used": "fabrication", "difficulty": 6, "skills_required": [ "gun", 4 ], "time": 60000, "reversible": true, "decomp_learn": 4, "qualities": [ { "id": "SAW_M", "level": 1 }, { "id": "HAMMER", "level": 1 }, { "id": "SCREW_FINE", "level": 1 }, { "id": "GLARE", "level": 2 } ], "tools": [ [ [ "large_repairkit", 150 ] ] ], "components": [ [ [ "sheet_metal", 3 ] ], [ [ "spring", 1 ] ], [ [ "duct_tape", 40 ] ] ] },
  { "result": "stanag10", "type": "recipe", "category": "CC_WEAPON", "subcategory": "CSC_WEAPON_MAGAZINES", "skill_used": "fabrication", "difficulty": 6, "skills_required": [ "gun", 4 ], "time": 60000, "reversible": true, "decomp_learn": 4, "qualities": [ { "id": "SAW_M", "level": 1 }, { "id": "HAMMER", "level": 1 }, { "id": "SCREW_FINE", "level": 1 }, { "id": "GLARE", "level": 2 } ], "tools": [ [ [ "large_repairkit", 150 ] ] ], "components": [ [ [ "sheet_metal", 3 ] ], [ [ "spring", 1 ] ], [ [ "duct_tape", 40 ] ] ] },
  { "result": "stanag30", "type": "recipe", "category": "CC_WEAPON", "subcategory": "CSC_WEAPON_MAGAZINES", "skill_used": "fabrication", "difficulty": 6, "skills_required": [ "gun", 4 ], "time": 60000, "reversible": true, "decomp_learn": 4, "qualities": [ { "id": "SAW_M", "level": 1 }, { "id": "HAMMER", "level": 1 }, { "id": "SCREW_FINE", "level": 1 }, { "id": "GLARE", "level": 2 } ], "tools": [ [ [ "large_repairkit", 150 ] ] ], "components": [ [ [ "sheet_metal", 3 ] ], [ [ "spring", 1 ] ], [ [ "duct_tape", 40 ] ] ] },
  { "result": "stanag50", "type": "recipe", "category": "CC_WEAPON", "subcategory": "CSC_WEAPON_MAGAZINES", "skill_used": "fabrication", "difficulty": 6, "skills_required": [ "gun", 4 ], "time": 60000, "reversible": true, "decomp_learn": 4, "qualities": [ { "id": "SAW_M", "level": 1 }, { "id": "HAMMER", "level": 1 }, { "id": "SCREW_FINE", "level": 1 }, { "id": "GLARE", "level": 2 } ], "tools": [ [ [ "large_repairkit", 150 ] ] ], "components": [ [ [ "sheet_metal", 3 ] ], [ [ "spring", 1 ] ], [ [ "duct_tape", 40 ] ] ] },
  { "result": "m2010mag", "type": "recipe", "category": "CC_WEAPON", "subcategory": "CSC_WEAPON_MAGAZINES", "skill_used": "fabrication", "difficulty": 6, "skills_required": [ "gun", 4 ], "time": 60000, "reversible": true, "decomp_learn": 4, "qualities": [ { "id": "SAW_M", "level": 1 }, { "id": "HAMMER", "level": 1 }, { "id": "SCREW_FINE", "level": 1 }, { "id": "GLARE", "level": 2 } ], "tools": [ [ [ "large_repairkit", 150 ] ] ], "components": [ [ [ "sheet_metal", 3 ] ], [ [ "spring", 1 ] ], [ [ "duct_tape", 40 ] ] ] },
  { "result": "blrmag", "type": "recipe", "category": "CC_WEAPON", "subcategory": "CSC_WEAPON_MAGAZINES", "skill_used": "fabrication", "difficulty": 6, "skills_required": [ "gun", 4 ], "time": 60000, "reversible": true, "decomp_learn": 4, "qualities": [ { "id": "SAW_M", "level": 1 }, { "id": "HAMMER", "level": 1 }, { "id": "SCREW_FINE", "level": 1 }, { "id": "GLARE", "level": 2 } ], "tools": [ [ [ "large_repairkit", 150 ] ] ], "components": [ [ [ "sheet_metal", 3 ] ], [ [ "spring", 1 ] ], [ [ "duct_tape", 40 ] ] ] },
  { "result": "m1918bigmag", "type": "recipe", "category": "CC_WEAPON", "subcategory": "CSC_WEAPON_MAGAZINES", "skill_used": "fabrication", "difficulty": 6, "skills_required": [ "gun", 4 ], "time": 60000, "reversible": true, "decomp_learn": 4, "qualities": [ { "id": "SAW_M", "level": 1 }, { "id": "HAMMER", "level": 1 }, { "id": "SCREW_FINE", "level": 1 }, { "id": "GLARE", "level": 2 } ], "tools": [ [ [ "large_repairkit", 150 ] ] ], "components": [ [ [ "sheet_metal", 3 ] ], [ [ "spring", 1 ] ], [ [ "duct_tape", 40 ] ] ] },
  { "result": "m1918mag", "type": "recipe", "category": "CC_WEAPON", "subcategory": "CSC_WEAPON_MAGAZINES", "skill_used": "fabrication", "difficulty": 6, "skills_required": [ "gun", 4 ], "time": 60000, "reversible": true, "decomp_learn": 4, "qualities": [ { "id": "SAW_M", "level": 1 }, { "id": "HAMMER", "level": 1 }, { "id": "SCREW_FINE", "level": 1 }, { "id": "GLARE", "level": 2 } ], "tools": [ [ [ "large_repairkit", 150 ] ] ], "components": [ [ [ "sheet_metal", 3 ] ], [ [ "spring", 1 ] ], [ [ "duct_tape", 40 ] ] ] },
  { "result": "falbigmag", "type": "recipe", "category": "CC_WEAPON", "subcategory": "CSC_WEAPON_MAGAZINES", "skill_used": "fabrication", "difficulty": 6, "skills_required": [ "gun", 4 ], "time": 60000, "reversible": true, "decomp_learn": 4, "qualities": [ { "id": "SAW_M", "level": 1 }, { "id": "HAMMER", "level": 1 }, { "id": "SCREW_FINE", "level": 1 }, { "id": "GLARE", "level": 2 } ], "tools": [ [ [ "large_repairkit", 150 ] ] ], "components": [ [ [ "sheet_metal", 3 ] ], [ [ "spring", 1 ] ], [ [ "duct_tape", 40 ] ] ] },
  { "result": "falmag", "type": "recipe", "category": "CC_WEAPON", "subcategory": "CSC_WEAPON_MAGAZINES", "skill_used": "fabrication", "difficulty": 6, "skills_required": [ "gun", 4 ], "time": 60000, "reversible": true, "decomp_learn": 4, "qualities": [ { "id": "SAW_M", "level": 1 }, { "id": "HAMMER", "level": 1 }, { "id": "SCREW_FINE", "level": 1 }, { "id": "GLARE", "level": 2 } ], "tools": [ [ [ "large_repairkit", 150 ] ] ], "components": [ [ [ "sheet_metal", 3 ] ], [ [ "spring", 1 ] ], [ [ "duct_tape", 40 ] ] ] },
  { "result": "g3bigmag", "type": "recipe", "category": "CC_WEAPON", "subcategory": "CSC_WEAPON_MAGAZINES", "skill_used": "fabrication", "difficulty": 6, "skills_required": [ "gun", 4 ], "time": 60000, "reversible": true, "decomp_learn": 4, "qualities": [ { "id": "SAW_M", "level": 1 }, { "id": "HAMMER", "level": 1 }, { "id": "SCREW_FINE", "level": 1 }, { "id": "GLARE", "level": 2 } ], "tools": [ [ [ "large_repairkit", 150 ] ] ], "components": [ [ [ "sheet_metal", 3 ] ], [ [ "spring", 1 ] ], [ [ "duct_tape", 40 ] ] ] },
  { "result": "g3mag", "type": "recipe", "category": "CC_WEAPON", "subcategory": "CSC_WEAPON_MAGAZINES", "skill_used": "fabrication", "difficulty": 6, "skills_required": [ "gun", 4 ], "time": 60000, "reversible": true, "decomp_learn": 4, "qualities": [ { "id": "SAW_M", "level": 1 }, { "id": "HAMMER", "level": 1 }, { "id": "SCREW_FINE", "level": 1 }, { "id": "GLARE", "level": 2 } ], "tools": [ [ [ "large_repairkit", 150 ] ] ], "components": [ [ [ "sheet_metal", 3 ] ], [ [ "spring", 1 ] ], [ [ "duct_tape", 40 ] ] ] },
  { "result": "m14mag", "type": "recipe", "category": "CC_WEAPON", "subcategory": "CSC_WEAPON_MAGAZINES", "skill_used": "fabrication", "difficulty": 6, "skills_required": [ "gun", 4 ], "time": 60000, "reversible": true, "decomp_learn": 4, "qualities": [ { "id": "SAW_M", "level": 1 }, { "id": "HAMMER", "level": 1 }, { "id": "SCREW_FINE", "level": 1 }, { "id": "GLARE", "level": 2 } ], "tools": [ [ [ "large_repairkit", 150 ] ] ], "components": [ [ [ "sheet_metal", 3 ] ], [ [ "spring", 1 ] ], [ [ "duct_tape", 40 ] ] ] },
  { "result": "m14smallmag", "type": "recipe", "category": "CC_WEAPON", "subcategory": "CSC_WEAPON_MAGAZINES", "skill_used": "fabrication", "difficulty": 6, "skills_required": [ "gun", 4 ], "time": 60000, "reversible": true, "decomp_learn": 4, "qualities": [ { "id": "SAW_M", "level": 1 }, { "id": "HAMMER", "level": 1 }, { "id": "SCREW_FINE", "level": 1 }, { "id": "GLARE", "level": 2 } ], "tools": [ [ [ "large_repairkit", 150 ] ] ], "components": [ [ [ "sheet_metal", 3 ] ], [ [ "spring", 1 ] ], [ [ "duct_tape", 40 ] ] ] },
  { "result": "scarhbigmag", "type": "recipe", "category": "CC_WEAPON", "subcategory": "CSC_WEAPON_MAGAZINES", "skill_used": "fabrication", "difficulty": 6, "skills_required": [ "gun", 4 ], "time": 60000, "reversible": true, "decomp_learn": 4, "qualities": [ { "id": "SAW_M", "level": 1 }, { "id": "HAMMER", "level": 1 }, { "id": "SCREW_FINE", "level": 1 }, { "id": "GLARE", "level": 2 } ], "tools": [ [ [ "large_repairkit", 150 ] ] ], "components": [ [ [ "sheet_metal", 3 ] ], [ [ "spring", 1 ] ], [ [ "duct_tape", 40 ] ] ] },
  { "result": "scarhmag", "type": "recipe", "category": "CC_WEAPON", "subcategory": "CSC_WEAPON_MAGAZINES", "skill_used": "fabrication", "difficulty": 6, "skills_required": [ "gun", 4 ], "time": 60000, "reversible": true, "decomp_learn": 4, "qualities": [ { "id": "SAW_M", "level": 1 }, { "id": "HAMMER", "level": 1 }, { "id": "SCREW_FINE", "level": 1 }, { "id": "GLARE", "level": 2 } ], "tools": [ [ [ "large_repairkit", 150 ] ] ], "components": [ [ [ "sheet_metal", 3 ] ], [ [ "spring", 1 ] ], [ [ "duct_tape", 40 ] ] ] },
  { "result": "ppkmag", "type": "recipe", "category": "CC_WEAPON", "subcategory": "CSC_WEAPON_MAGAZINES", "skill_used": "fabrication", "difficulty": 6, "skills_required": [ "gun", 4 ], "time": 60000, "reversible": true, "decomp_learn": 4, "qualities": [ { "id": "SAW_M", "level": 1 }, { "id": "HAMMER", "level": 1 }, { "id": "SCREW_FINE", "level": 1 }, { "id": "GLARE", "level": 2 } ], "tools": [ [ [ "large_repairkit", 150 ] ] ], "components": [ [ [ "sheet_metal", 3 ] ], [ [ "spring", 1 ] ], [ [ "duct_tape", 40 ] ] ] },
  { "result": "sigp230mag", "type": "recipe", "category": "CC_WEAPON", "subcategory": "CSC_WEAPON_MAGAZINES", "skill_used": "fabrication", "difficulty": 6, "skills_required": [ "gun", 4 ], "time": 60000, "reversible": true, "decomp_learn": 4, "qualities": [ { "id": "SAW_M", "level": 1 }, { "id": "HAMMER", "level": 1 }, { "id": "SCREW_FINE", "level": 1 }, { "id": "GLARE", "level": 2 } ], "tools": [ [ [ "large_repairkit", 150 ] ] ], "components": [ [ [ "sheet_metal", 3 ] ], [ [ "spring", 1 ] ], [ [ "duct_tape", 40 ] ] ] },
  { "result": "skorpion61mag", "type": "recipe", "category": "CC_WEAPON", "subcategory": "CSC_WEAPON_MAGAZINES", "skill_used": "fabrication", "difficulty": 6, "skills_required": [ "gun", 4 ], "time": 60000, "reversible": true, "decomp_learn": 4, "qualities": [ { "id": "SAW_M", "level": 1 }, { "id": "HAMMER", "level": 1 }, { "id": "SCREW_FINE", "level": 1 }, { "id": "GLARE", "level": 2 } ], "tools": [ [ [ "large_repairkit", 150 ] ] ], "components": [ [ [ "sheet_metal", 3 ] ], [ [ "spring", 1 ] ], [ [ "duct_tape", 40 ] ] ] },
  { "result": "taurus38mag", "type": "recipe", "category": "CC_WEAPON", "subcategory": "CSC_WEAPON_MAGAZINES", "skill_used": "fabrication", "difficulty": 6, "skills_required": [ "gun", 4 ], "time": 60000, "reversible": true, "decomp_learn": 4, "qualities": [ { "id": "SAW_M", "level": 1 }, { "id": "HAMMER", "level": 1 }, { "id": "SCREW_FINE", "level": 1 }, { "id": "GLARE", "level": 2 } ], "tools": [ [ [ "large_repairkit", 150 ] ] ], "components": [ [ [ "sheet_metal", 3 ] ], [ [ "spring", 1 ] ], [ [ "duct_tape", 40 ] ] ] },
  { "result": "glock40bigmag", "type": "recipe", "category": "CC_WEAPON", "subcategory": "CSC_WEAPON_MAGAZINES", "skill_used": "fabrication", "difficulty": 6, "skills_required": [ "gun", 4 ], "time": 60000, "reversible": true, "decomp_learn": 4, "qualities": [ { "id": "SAW_M", "level": 1 }, { "id": "HAMMER", "level": 1 }, { "id": "SCREW_FINE", "level": 1 }, { "id": "GLARE", "level": 2 } ], "tools": [ [ [ "large_repairkit", 150 ] ] ], "components": [ [ [ "sheet_metal", 3 ] ], [ [ "spring", 1 ] ], [ [ "duct_tape", 40 ] ] ] },
  { "result": "glock40mag", "type": "recipe", "category": "CC_WEAPON", "subcategory": "CSC_WEAPON_MAGAZINES", "skill_used": "fabrication", "difficulty": 6, "skills_required": [ "gun", 4 ], "time": 60000, "reversible": true, "decomp_learn": 4, "qualities": [ { "id": "SAW_M", "level": 1 }, { "id": "HAMMER", "level": 1 }, { "id": "SCREW_FINE", "level": 1 }, { "id": "GLARE", "level": 2 } ], "tools": [ [ [ "large_repairkit", 150 ] ] ], "components": [ [ [ "sheet_metal", 3 ] ], [ [ "spring", 1 ] ], [ [ "duct_tape", 40 ] ] ] },
  { "result": "sig40mag", "type": "recipe", "category": "CC_WEAPON", "subcategory": "CSC_WEAPON_MAGAZINES", "skill_used": "fabrication", "difficulty": 6, "skills_required": [ "gun", 4 ], "time": 60000, "reversible": true, "decomp_learn": 4, "qualities": [ { "id": "SAW_M", "level": 1 }, { "id": "HAMMER", "level": 1 }, { "id": "SCREW_FINE", "level": 1 }, { "id": "GLARE", "level": 2 } ], "tools": [ [ [ "large_repairkit", 150 ] ] ], "components": [ [ [ "sheet_metal", 3 ] ], [ [ "spring", 1 ] ], [ [ "duct_tape", 40 ] ] ] },
  { "result": "deaglemag", "type": "recipe", "category": "CC_WEAPON", "subcategory": "CSC_WEAPON_MAGAZINES", "skill_used": "fabrication", "difficulty": 6, "skills_required": [ "gun", 4 ], "time": 60000, "reversible": true, "decomp_learn": 4, "qualities": [ { "id": "SAW_M", "level": 1 }, { "id": "HAMMER", "level": 1 }, { "id": "SCREW_FINE", "level": 1 }, { "id": "GLARE", "level": 2 } ], "tools": [ [ [ "large_repairkit", 150 ] ] ], "components": [ [ [ "sheet_metal", 3 ] ], [ [ "spring", 1 ] ], [ [ "duct_tape", 40 ] ] ] },
  { "result": "lw12mag", "type": "recipe", "category": "CC_WEAPON", "subcategory": "CSC_WEAPON_MAGAZINES", "skill_used": "fabrication", "difficulty": 6, "skills_required": [ "gun", 4 ], "time": 60000, "reversible": true, "decomp_learn": 4, "qualities": [ { "id": "SAW_M", "level": 1 }, { "id": "HAMMER", "level": 1 }, { "id": "SCREW_FINE", "level": 1 }, { "id": "GLARE", "level": 2 } ], "tools": [ [ [ "large_repairkit", 150 ] ] ], "components": [ [ [ "sheet_metal", 3 ] ], [ [ "spring", 1 ] ], [ [ "duct_tape", 40 ] ] ] },
  { "result": "m1911bigmag", "type": "recipe", "category": "CC_WEAPON", "subcategory": "CSC_WEAPON_MAGAZINES", "skill_used": "fabrication", "difficulty": 6, "skills_required": [ "gun", 4 ], "time": 60000, "reversible": true, "decomp_learn": 4, "qualities": [ { "id": "SAW_M", "level": 1 }, { "id": "HAMMER", "level": 1 }, { "id": "SCREW_FINE", "level": 1 }, { "id": "GLARE", "level": 2 } ], "tools": [ [ [ "large_repairkit", 150 ] ] ], "components": [ [ [ "sheet_metal", 3 ] ], [ [ "spring", 1 ] ], [ [ "duct_tape", 40 ] ] ] },
  { "result": "m1911mag", "type": "recipe", "category": "CC_WEAPON", "subcategory": "CSC_WEAPON_MAGAZINES", "skill_used": "fabrication", "difficulty": 6, "skills_required": [ "gun", 4 ], "time": 60000, "reversible": true, "decomp_learn": 4, "qualities": [ { "id": "SAW_M", "level": 1 }, { "id": "HAMMER", "level": 1 }, { "id": "SCREW_FINE", "level": 1 }, { "id": "GLARE", "level": 2 } ], "tools": [ [ [ "large_repairkit", 150 ] ] ], "components": [ [ [ "sheet_metal", 3 ] ], [ [ "spring", 1 ] ], [ [ "duct_tape", 40 ] ] ] },
  { "result": "mac10mag", "type": "recipe", "category": "CC_WEAPON", "subcategory": "CSC_WEAPON_MAGAZINES", "skill_used": "fabrication", "difficulty": 6, "skills_required": [ "gun", 4 ], "time": 60000, "reversible": true, "decomp_learn": 4, "qualities": [ { "id": "SAW_M", "level": 1 }, { "id": "HAMMER", "level": 1 }, { "id": "SCREW_FINE", "level": 1 }, { "id": "GLARE", "level": 2 } ], "tools": [ [ [ "large_repairkit", 150 ] ] ], "components": [ [ [ "sheet_metal", 3 ] ], [ [ "spring", 1 ] ], [ [ "duct_tape", 40 ] ] ] },
  { "result": "tdi_mag", "type": "recipe", "category": "CC_WEAPON", "subcategory": "CSC_WEAPON_MAGAZINES", "skill_used": "fabrication", "difficulty": 6, "skills_required": [ "gun", 4 ], "time": 60000, "reversible": true, "decomp_learn": 4, "qualities": [ { "id": "SAW_M", "level": 1 }, { "id": "HAMMER", "level": 1 }, { "id": "SCREW_FINE", "level": 1 }, { "id": "GLARE", "level": 2 } ], "tools": [ [ [ "large_repairkit", 150 ] ] ], "components": [ [ [ "sheet_metal", 3 ] ], [ [ "spring", 1 ] ], [ [ "duct_tape", 40 ] ] ] },
  { "result": "thompson_bigmag", "type": "recipe", "category": "CC_WEAPON", "subcategory": "CSC_WEAPON_MAGAZINES", "skill_used": "fabrication", "difficulty": 6, "skills_required": [ "gun", 4 ], "time": 60000, "reversible": true, "decomp_learn": 4, "qualities": [ { "id": "SAW_M", "level": 1 }, { "id": "HAMMER", "level": 1 }, { "id": "SCREW_FINE", "level": 1 }, { "id": "GLARE", "level": 2 } ], "tools": [ [ [ "large_repairkit", 150 ] ] ], "components": [ [ [ "sheet_metal", 3 ] ], [ [ "spring", 1 ] ], [ [ "duct_tape", 40 ] ] ] },
  { "result": "thompson_drum", "type": "recipe", "category": "CC_WEAPON", "subcategory": "CSC_WEAPON_MAGAZINES", "skill_used": "fabrication", "difficulty": 6, "skills_required": [ "gun", 4 ], "time": 60000, "reversible": true, "decomp_learn": 4, "qualities": [ { "id": "SAW_M", "level": 1 }, { "id": "HAMMER", "level": 1 }, { "id": "SCREW_FINE", "level": 1 }, { "id": "GLARE", "level": 2 } ], "tools": [ [ [ "large_repairkit", 150 ] ] ], "components": [ [ [ "sheet_metal", 3 ] ], [ [ "spring", 1 ] ], [ [ "duct_tape", 40 ] ] ] },
  { "result": "thompson_mag", "type": "recipe", "category": "CC_WEAPON", "subcategory": "CSC_WEAPON_MAGAZINES", "skill_used": "fabrication", "difficulty": 6, "skills_required": [ "gun", 4 ], "time": 60000, "reversible": true, "decomp_learn": 4, "qualities": [ { "id": "SAW_M", "level": 1 }, { "id": "HAMMER", "level": 1 }, { "id": "SCREW_FINE", "level": 1 }, { "id": "GLARE", "level": 2 } ], "tools": [ [ [ "large_repairkit", 150 ] ] ], "components": [ [ [ "sheet_metal", 3 ] ], [ [ "spring", 1 ] ], [ [ "duct_tape", 40 ] ] ] },
  { "result": "ump45mag", "type": "recipe", "category": "CC_WEAPON", "subcategory": "CSC_WEAPON_MAGAZINES", "skill_used": "fabrication", "difficulty": 6, "skills_required": [ "gun", 4 ], "time": 60000, "reversible": true, "decomp_learn": 4, "qualities": [ { "id": "SAW_M", "level": 1 }, { "id": "HAMMER", "level": 1 }, { "id": "SCREW_FINE", "level": 1 }, { "id": "GLARE", "level": 2 } ], "tools": [ [ [ "large_repairkit", 150 ] ] ], "components": [ [ [ "sheet_metal", 3 ] ], [ [ "spring", 1 ] ], [ [ "duct_tape", 40 ] ] ] },
  { "result": "usp45mag", "type": "recipe", "category": "CC_WEAPON", "subcategory": "CSC_WEAPON_MAGAZINES", "skill_used": "fabrication", "difficulty": 6, "skills_required": [ "gun", 4 ], "time": 60000, "reversible": true, "decomp_learn": 4, "qualities": [ { "id": "SAW_M", "level": 1 }, { "id": "HAMMER", "level": 1 }, { "id": "SCREW_FINE", "level": 1 }, { "id": "GLARE", "level": 2 } ], "tools": [ [ [ "large_repairkit", 150 ] ] ], "components": [ [ [ "sheet_metal", 3 ] ], [ [ "spring", 1 ] ], [ [ "duct_tape", 40 ] ] ] },
  { "result": "hk46bigmag", "type": "recipe", "category": "CC_WEAPON", "subcategory": "CSC_WEAPON_MAGAZINES", "skill_used": "fabrication", "difficulty": 6, "skills_required": [ "gun", 4 ], "time": 60000, "reversible": true, "decomp_learn": 4, "qualities": [ { "id": "SAW_M", "level": 1 }, { "id": "HAMMER", "level": 1 }, { "id": "SCREW_FINE", "level": 1 }, { "id": "GLARE", "level": 2 } ], "tools": [ [ [ "large_repairkit", 150 ] ] ], "components": [ [ [ "sheet_metal", 3 ] ], [ [ "spring", 1 ] ], [ [ "duct_tape", 40 ] ] ] },
  { "result": "hk46mag", "type": "recipe", "category": "CC_WEAPON", "subcategory": "CSC_WEAPON_MAGAZINES", "skill_used": "fabrication", "difficulty": 6, "skills_required": [ "gun", 4 ], "time": 60000, "reversible": true, "decomp_learn": 4, "qualities": [ { "id": "SAW_M", "level": 1 }, { "id": "HAMMER", "level": 1 }, { "id": "SCREW_FINE", "level": 1 }, { "id": "GLARE", "level": 2 } ], "tools": [ [ [ "large_repairkit", 150 ] ] ], "components": [ [ [ "sheet_metal", 3 ] ], [ [ "spring", 1 ] ], [ [ "duct_tape", 40 ] ] ] },
  { "result": "m107a1mag", "type": "recipe", "category": "CC_WEAPON", "subcategory": "CSC_WEAPON_MAGAZINES", "skill_used": "fabrication", "difficulty": 6, "skills_required": [ "gun", 4 ], "time": 60000, "reversible": true, "decomp_learn": 4, "qualities": [ { "id": "SAW_M", "level": 1 }, { "id": "HAMMER", "level": 1 }, { "id": "SCREW_FINE", "level": 1 }, { "id": "GLARE", "level": 2 } ], "tools": [ [ [ "large_repairkit", 150 ] ] ], "components": [ [ [ "sheet_metal", 3 ] ], [ [ "spring", 1 ] ], [ [ "duct_tape", 40 ] ] ] },
  { "result": "ak74mag", "type": "recipe", "category": "CC_WEAPON", "subcategory": "CSC_WEAPON_MAGAZINES", "skill_used": "fabrication", "difficulty": 6, "skills_required": [ "gun", 4 ], "time": 60000, "reversible": true, "decomp_learn": 4, "qualities": [ { "id": "SAW_M", "level": 1 }, { "id": "HAMMER", "level": 1 }, { "id": "SCREW_FINE", "level": 1 }, { "id": "GLARE", "level": 2 } ], "tools": [ [ [ "large_repairkit", 150 ] ] ], "components": [ [ [ "sheet_metal", 3 ] ], [ [ "spring", 1 ] ], [ [ "duct_tape", 40 ] ] ] },
  { "result": "rpk74mag", "type": "recipe", "category": "CC_WEAPON", "subcategory": "CSC_WEAPON_MAGAZINES", "skill_used": "fabrication", "difficulty": 6, "skills_required": [ "gun", 4 ], "time": 60000, "reversible": true, "decomp_learn": 4, "qualities": [ { "id": "SAW_M", "level": 1 }, { "id": "HAMMER", "level": 1 }, { "id": "SCREW_FINE", "level": 1 }, { "id": "GLARE", "level": 2 } ], "tools": [ [ [ "large_repairkit", 150 ] ] ], "components": [ [ [ "sheet_metal", 3 ] ], [ [ "spring", 1 ] ], [ [ "duct_tape", 40 ] ] ] },
  { "result": "fn57mag", "type": "recipe", "category": "CC_WEAPON", "subcategory": "CSC_WEAPON_MAGAZINES", "skill_used": "fabrication", "difficulty": 6, "skills_required": [ "gun", 4 ], "time": 60000, "reversible": true, "decomp_learn": 4, "qualities": [ { "id": "SAW_M", "level": 1 }, { "id": "HAMMER", "level": 1 }, { "id": "SCREW_FINE", "level": 1 }, { "id": "GLARE", "level": 2 } ], "tools": [ [ [ "large_repairkit", 150 ] ] ], "components": [ [ [ "sheet_metal", 3 ] ], [ [ "spring", 1 ] ], [ [ "duct_tape", 40 ] ] ] },
  { "result": "fnp90mag", "type": "recipe", "category": "CC_WEAPON", "subcategory": "CSC_WEAPON_MAGAZINES", "skill_used": "fabrication", "difficulty": 6, "skills_required": [ "gun", 4 ], "time": 60000, "reversible": true, "decomp_learn": 4, "qualities": [ { "id": "SAW_M", "level": 1 }, { "id": "HAMMER", "level": 1 }, { "id": "SCREW_FINE", "level": 1 }, { "id": "GLARE", "level": 2 } ], "tools": [ [ [ "large_repairkit", 150 ] ] ], "components": [ [ [ "sheet_metal", 3 ] ], [ [ "spring", 1 ] ], [ [ "duct_tape", 40 ] ] ] },
  { "result": "5x50_100_mag", "type": "recipe", "category": "CC_WEAPON", "subcategory": "CSC_WEAPON_MAGAZINES", "skill_used": "fabrication", "difficulty": 6, "skills_required": [ "gun", 4 ], "time": 60000, "reversible": true, "decomp_learn": 4, "qualities": [ { "id": "SAW_M", "level": 1 }, { "id": "HAMMER", "level": 1 }, { "id": "SCREW_FINE", "level": 1 }, { "id": "GLARE", "level": 2 } ], "tools": [ [ [ "large_repairkit", 150 ] ] ], "components": [ [ [ "sheet_metal", 3 ] ], [ [ "spring", 1 ] ], [ [ "duct_tape", 40 ] ] ] },
  { "result": "5x50_50_mag", "type": "recipe", "category": "CC_WEAPON", "subcategory": "CSC_WEAPON_MAGAZINES", "skill_used": "fabrication", "difficulty": 6, "skills_required": [ "gun", 4 ], "time": 60000, "reversible": true, "decomp_learn": 4, "qualities": [ { "id": "SAW_M", "level": 1 }, { "id": "HAMMER", "level": 1 }, { "id": "SCREW_FINE", "level": 1 }, { "id": "GLARE", "level": 2 } ], "tools": [ [ [ "large_repairkit", 150 ] ] ], "components": [ [ [ "sheet_metal", 3 ] ], [ [ "spring", 1 ] ], [ [ "duct_tape", 40 ] ] ] },
  { "result": "akmbigmag", "type": "recipe", "category": "CC_WEAPON", "subcategory": "CSC_WEAPON_MAGAZINES", "skill_used": "fabrication", "difficulty": 6, "skills_required": [ "gun", 4 ], "time": 60000, "reversible": true, "decomp_learn": 4, "qualities": [ { "id": "SAW_M", "level": 1 }, { "id": "HAMMER", "level": 1 }, { "id": "SCREW_FINE", "level": 1 }, { "id": "GLARE", "level": 2 } ], "tools": [ [ [ "large_repairkit", 150 ] ] ], "components": [ [ [ "sheet_metal", 3 ] ], [ [ "spring", 1 ] ], [ [ "duct_tape", 40 ] ] ] },
  { "result": "akmmag", "type": "recipe", "category": "CC_WEAPON", "subcategory": "CSC_WEAPON_MAGAZINES", "skill_used": "fabrication", "difficulty": 6, "skills_required": [ "gun", 4 ], "time": 60000, "reversible": true, "decomp_learn": 4, "qualities": [ { "id": "SAW_M", "level": 1 }, { "id": "HAMMER", "level": 1 }, { "id": "SCREW_FINE", "level": 1 }, { "id": "GLARE", "level": 2 } ], "tools": [ [ [ "large_repairkit", 150 ] ] ], "components": [ [ [ "sheet_metal", 3 ] ], [ [ "spring", 1 ] ], [ [ "duct_tape", 40 ] ] ] },
  { "result": "ppshdrum", "type": "recipe", "category": "CC_WEAPON", "subcategory": "CSC_WEAPON_MAGAZINES", "skill_used": "fabrication", "difficulty": 6, "skills_required": [ "gun", 4 ], "time": 60000, "reversible": true, "decomp_learn": 4, "qualities": [ { "id": "SAW_M", "level": 1 }, { "id": "HAMMER", "level": 1 }, { "id": "SCREW_FINE", "level": 1 }, { "id": "GLARE", "level": 2 } ], "tools": [ [ [ "large_repairkit", 150 ] ] ], "components": [ [ [ "sheet_metal", 3 ] ], [ [ "spring", 1 ] ], [ [ "duct_tape", 40 ] ] ] },
  { "result": "ppshmag", "type": "recipe", "category": "CC_WEAPON", "subcategory": "CSC_WEAPON_MAGAZINES", "skill_used": "fabrication", "difficulty": 6, "skills_required": [ "gun", 4 ], "time": 60000, "reversible": true, "decomp_learn": 4, "qualities": [ { "id": "SAW_M", "level": 1 }, { "id": "HAMMER", "level": 1 }, { "id": "SCREW_FINE", "level": 1 }, { "id": "GLARE", "level": 2 } ], "tools": [ [ [ "large_repairkit", 150 ] ] ], "components": [ [ [ "sheet_metal", 3 ] ], [ [ "spring", 1 ] ], [ [ "duct_tape", 40 ] ] ] },
  { "result": "tokarevmag", "type": "recipe", "category": "CC_WEAPON", "subcategory": "CSC_WEAPON_MAGAZINES", "skill_used": "fabrication", "difficulty": 6, "skills_required": [ "gun", 4 ], "time": 60000, "reversible": true, "decomp_learn": 4, "qualities": [ { "id": "SAW_M", "level": 1 }, { "id": "HAMMER", "level": 1 }, { "id": "SCREW_FINE", "level": 1 }, { "id": "GLARE", "level": 2 } ], "tools": [ [ [ "large_repairkit", 150 ] ] ], "components": [ [ [ "sheet_metal", 3 ] ], [ [ "spring", 1 ] ], [ [ "duct_tape", 40 ] ] ] },
  { "result": "8x40_100_mag", "type": "recipe", "category": "CC_WEAPON", "subcategory": "CSC_WEAPON_MAGAZINES", "skill_used": "fabrication", "difficulty": 6, "skills_required": [ "gun", 4 ], "time": 60000, "reversible": true, "decomp_learn": 4, "qualities": [ { "id": "SAW_M", "level": 1 }, { "id": "HAMMER", "level": 1 }, { "id": "SCREW_FINE", "level": 1 }, { "id": "GLARE", "level": 2 } ], "tools": [ [ [ "large_repairkit", 150 ] ] ], "components": [ [ [ "sheet_metal", 3 ] ], [ [ "spring", 1 ] ], [ [ "duct_tape", 40 ] ] ] },
  { "result": "8x40_10_mag", "type": "recipe", "category": "CC_WEAPON", "subcategory": "CSC_WEAPON_MAGAZINES", "skill_used": "fabrication", "difficulty": 6, "skills_required": [ "gun", 4 ], "time": 60000, "reversible": true, "decomp_learn": 4, "qualities": [ { "id": "SAW_M", "level": 1 }, { "id": "HAMMER", "level": 1 }, { "id": "SCREW_FINE", "level": 1 }, { "id": "GLARE", "level": 2 } ], "tools": [ [ [ "large_repairkit", 150 ] ] ], "components": [ [ [ "sheet_metal", 3 ] ], [ [ "spring", 1 ] ], [ [ "duct_tape", 40 ] ] ] },
  { "result": "8x40_250_mag", "type": "recipe", "category": "CC_WEAPON", "subcategory": "CSC_WEAPON_MAGAZINES", "skill_used": "fabrication", "difficulty": 6, "skills_required": [ "gun", 4 ], "time": 60000, "reversible": true, "decomp_learn": 4, "qualities": [ { "id": "SAW_M", "level": 1 }, { "id": "HAMMER", "level": 1 }, { "id": "SCREW_FINE", "level": 1 }, { "id": "GLARE", "level": 2 } ], "tools": [ [ [ "large_repairkit", 150 ] ] ], "components": [ [ [ "sheet_metal", 3 ] ], [ [ "spring", 1 ] ], [ [ "duct_tape", 40 ] ] ] },
  { "result": "8x40_25_mag", "type": "recipe", "category": "CC_WEAPON", "subcategory": "CSC_WEAPON_MAGAZINES", "skill_used": "fabrication", "difficulty": 6, "skills_required": [ "gun", 4 ], "time": 60000, "reversible": true, "decomp_learn": 4, "qualities": [ { "id": "SAW_M", "level": 1 }, { "id": "HAMMER", "level": 1 }, { "id": "SCREW_FINE", "level": 1 }, { "id": "GLARE", "level": 2 } ], "tools": [ [ [ "large_repairkit", 150 ] ] ], "components": [ [ [ "sheet_metal", 3 ] ], [ [ "spring", 1 ] ], [ [ "duct_tape", 40 ] ] ] },
  { "result": "8x40_500_mag", "type": "recipe", "category": "CC_WEAPON", "subcategory": "CSC_WEAPON_MAGAZINES", "skill_used": "fabrication", "difficulty": 6, "skills_required": [ "gun", 4 ], "time": 60000, "reversible": true, "decomp_learn": 4, "qualities": [ { "id": "SAW_M", "level": 1 }, { "id": "HAMMER", "level": 1 }, { "id": "SCREW_FINE", "level": 1 }, { "id": "GLARE", "level": 2 } ], "tools": [ [ [ "large_repairkit", 150 ] ] ], "components": [ [ [ "sheet_metal", 3 ] ], [ [ "spring", 1 ] ], [ [ "duct_tape", 40 ] ] ] },
  { "result": "8x40_50_mag", "type": "recipe", "category": "CC_WEAPON", "subcategory": "CSC_WEAPON_MAGAZINES", "skill_used": "fabrication", "difficulty": 6, "skills_required": [ "gun", 4 ], "time": 60000, "reversible": true, "decomp_learn": 4, "qualities": [ { "id": "SAW_M", "level": 1 }, { "id": "HAMMER", "level": 1 }, { "id": "SCREW_FINE", "level": 1 }, { "id": "GLARE", "level": 2 } ], "tools": [ [ [ "large_repairkit", 150 ] ] ], "components": [ [ [ "sheet_metal", 3 ] ], [ [ "spring", 1 ] ], [ [ "duct_tape", 40 ] ] ] },
  { "result": "calicomag", "type": "recipe", "category": "CC_WEAPON", "subcategory": "CSC_WEAPON_MAGAZINES", "skill_used": "fabrication", "difficulty": 6, "skills_required": [ "gun", 4 ], "time": 60000, "reversible": true, "decomp_learn": 4, "qualities": [ { "id": "SAW_M", "level": 1 }, { "id": "HAMMER", "level": 1 }, { "id": "SCREW_FINE", "level": 1 }, { "id": "GLARE", "level": 2 } ], "tools": [ [ [ "large_repairkit", 150 ] ] ], "components": [ [ [ "sheet_metal", 3 ] ], [ [ "spring", 1 ] ], [ [ "duct_tape", 40 ] ] ] },
  { "result": "glockbigmag", "type": "recipe", "category": "CC_WEAPON", "subcategory": "CSC_WEAPON_MAGAZINES", "skill_used": "fabrication", "difficulty": 6, "skills_required": [ "gun", 4 ], "time": 60000, "reversible": true, "decomp_learn": 4, "qualities": [ { "id": "SAW_M", "level": 1 }, { "id": "HAMMER", "level": 1 }, { "id": "SCREW_FINE", "level": 1 }, { "id": "GLARE", "level": 2 } ], "tools": [ [ [ "large_repairkit", 150 ] ] ], "components": [ [ [ "sheet_metal", 3 ] ], [ [ "spring", 1 ] ], [ [ "duct_tape", 40 ] ] ] },
  { "result": "glockmag", "type": "recipe", "category": "CC_WEAPON", "subcategory": "CSC_WEAPON_MAGAZINES", "skill_used": "fabrication", "difficulty": 6, "skills_required": [ "gun", 4 ], "time": 60000, "reversible": true, "decomp_learn": 4, "qualities": [ { "id": "SAW_M", "level": 1 }, { "id": "HAMMER", "level": 1 }, { "id": "SCREW_FINE", "level": 1 }, { "id": "GLARE", "level": 2 } ], "tools": [ [ [ "large_repairkit", 150 ] ] ], "components": [ [ [ "sheet_metal", 3 ] ], [ [ "spring", 1 ] ], [ [ "duct_tape", 40 ] ] ] },
  { "result": "lw21mag", "type": "recipe", "category": "CC_WEAPON", "subcategory": "CSC_WEAPON_MAGAZINES", "skill_used": "fabrication", "difficulty": 6, "skills_required": [ "gun", 4 ], "time": 60000, "reversible": true, "decomp_learn": 4, "qualities": [ { "id": "SAW_M", "level": 1 }, { "id": "HAMMER", "level": 1 }, { "id": "SCREW_FINE", "level": 1 }, { "id": "GLARE", "level": 2 } ], "tools": [ [ [ "large_repairkit", 150 ] ] ], "components": [ [ [ "sheet_metal", 3 ] ], [ [ "spring", 1 ] ], [ [ "duct_tape", 40 ] ] ] },
  { "result": "m9bigmag", "type": "recipe", "category": "CC_WEAPON", "subcategory": "CSC_WEAPON_MAGAZINES", "skill_used": "fabrication", "difficulty": 6, "skills_required": [ "gun", 4 ], "time": 60000, "reversible": true, "decomp_learn": 4, "qualities": [ { "id": "SAW_M", "level": 1 }, { "id": "HAMMER", "level": 1 }, { "id": "SCREW_FINE", "level": 1 }, { "id": "GLARE", "level": 2 } ], "tools": [ [ [ "large_repairkit", 150 ] ] ], "components": [ [ [ "sheet_metal", 3 ] ], [ [ "spring", 1 ] ], [ [ "duct_tape", 40 ] ] ] },
  { "result": "m9mag", "type": "recipe", "category": "CC_WEAPON", "subcategory": "CSC_WEAPON_MAGAZINES", "skill_used": "fabrication", "difficulty": 6, "skills_required": [ "gun", 4 ], "time": 60000, "reversible": true, "decomp_learn": 4, "qualities": [ { "id": "SAW_M", "level": 1 }, { "id": "HAMMER", "level": 1 }, { "id": "SCREW_FINE", "level": 1 }, { "id": "GLARE", "level": 2 } ], "tools": [ [ [ "large_repairkit", 150 ] ] ], "components": [ [ [ "sheet_metal", 3 ] ], [ [ "spring", 1 ] ], [ [ "duct_tape", 40 ] ] ] },
  { "result": "mp5bigmag", "type": "recipe", "category": "CC_WEAPON", "subcategory": "CSC_WEAPON_MAGAZINES", "skill_used": "fabrication", "difficulty": 6, "skills_required": [ "gun", 4 ], "time": 60000, "reversible": true, "decomp_learn": 4, "qualities": [ { "id": "SAW_M", "level": 1 }, { "id": "HAMMER", "level": 1 }, { "id": "SCREW_FINE", "level": 1 }, { "id": "GLARE", "level": 2 } ], "tools": [ [ [ "large_repairkit", 150 ] ] ], "components": [ [ [ "sheet_metal", 3 ] ], [ [ "spring", 1 ] ], [ [ "duct_tape", 40 ] ] ] },
  { "result": "mp5mag", "type": "recipe", "category": "CC_WEAPON", "subcategory": "CSC_WEAPON_MAGAZINES", "skill_used": "fabrication", "difficulty": 6, "skills_required": [ "gun", 4 ], "time": 60000, "reversible": true, "decomp_learn": 4, "qualities": [ { "id": "SAW_M", "level": 1 }, { "id": "HAMMER", "level": 1 }, { "id": "SCREW_FINE", "level": 1 }, { "id": "GLARE", "level": 2 } ], "tools": [ [ [ "large_repairkit", 150 ] ] ], "components": [ [ [ "sheet_metal", 3 ] ], [ [ "spring", 1 ] ], [ [ "duct_tape", 40 ] ] ] },
  { "result": "p226mag_357sig", "type": "recipe", "category": "CC_WEAPON", "subcategory": "CSC_WEAPON_MAGAZINES", "skill_used": "fabrication", "difficulty": 6, "skills_required": [ "gun", 4 ], "time": 60000, "reversible": true, "decomp_learn": 4, "qualities": [ { "id": "SAW_M", "level": 1 }, { "id": "HAMMER", "level": 1 }, { "id": "SCREW_FINE", "level": 1 }, { "id": "GLARE", "level": 2 } ], "tools": [ [ [ "large_repairkit", 150 ] ] ], "components": [ [ [ "sheet_metal", 3 ] ], [ [ "spring", 1 ] ], [ [ "duct_tape", 40 ] ] ] },
  { "result": "stenmag", "type": "recipe", "category": "CC_WEAPON", "subcategory": "CSC_WEAPON_MAGAZINES", "skill_used": "fabrication", "difficulty": 6, "skills_required": [ "gun", 4 ], "time": 60000, "reversible": true, "decomp_learn": 4, "qualities": [ { "id": "SAW_M", "level": 1 }, { "id": "HAMMER", "level": 1 }, { "id": "SCREW_FINE", "level": 1 }, { "id": "GLARE", "level": 2 } ], "tools": [ [ [ "large_repairkit", 150 ] ] ], "components": [ [ [ "sheet_metal", 3 ] ], [ [ "spring", 1 ] ], [ [ "duct_tape", 40 ] ] ] },
  { "result": "tec9mag", "type": "recipe", "category": "CC_WEAPON", "subcategory": "CSC_WEAPON_MAGAZINES", "skill_used": "fabrication", "difficulty": 6, "skills_required": [ "gun", 4 ], "time": 60000, "reversible": true, "decomp_learn": 4, "qualities": [ { "id": "SAW_M", "level": 1 }, { "id": "HAMMER", "level": 1 }, { "id": "SCREW_FINE", "level": 1 }, { "id": "GLARE", "level": 2 } ], "tools": [ [ [ "large_repairkit", 150 ] ] ], "components": [ [ [ "sheet_metal", 3 ] ], [ [ "spring", 1 ] ], [ [ "duct_tape", 40 ] ] ] },
  { "result": "usp9mag", "type": "recipe", "category": "CC_WEAPON", "subcategory": "CSC_WEAPON_MAGAZINES", "skill_used": "fabrication", "difficulty": 6, "skills_required": [ "gun", 4 ], "time": 60000, "reversible": true, "decomp_learn": 4, "qualities": [ { "id": "SAW_M", "level": 1 }, { "id": "HAMMER", "level": 1 }, { "id": "SCREW_FINE", "level": 1 }, { "id": "GLARE", "level": 2 } ], "tools": [ [ [ "large_repairkit", 150 ] ] ], "components": [ [ [ "sheet_metal", 3 ] ], [ [ "spring", 1 ] ], [ [ "duct_tape", 40 ] ] ] },
  { "result": "uzimag", "type": "recipe", "category": "CC_WEAPON", "subcategory": "CSC_WEAPON_MAGAZINES", "skill_used": "fabrication", "difficulty": 6, "skills_required": [ "gun", 4 ], "time": 60000, "reversible": true, "decomp_learn": 4, "qualities": [ { "id": "SAW_M", "level": 1 }, { "id": "HAMMER", "level": 1 }, { "id": "SCREW_FINE", "level": 1 }, { "id": "GLARE", "level": 2 } ], "tools": [ [ [ "large_repairkit", 150 ] ] ], "components": [ [ [ "sheet_metal", 3 ] ], [ [ "spring", 1 ] ], [ [ "duct_tape", 40 ] ] ] },
  { "result": "makarovmag", "type": "recipe", "category": "CC_WEAPON", "subcategory": "CSC_WEAPON_MAGAZINES", "skill_used": "fabrication", "difficulty": 6, "skills_required": [ "gun", 4 ], "time": 60000, "reversible": true, "decomp_learn": 4, "qualities": [ { "id": "SAW_M", "level": 1 }, { "id": "HAMMER", "level": 1 }, { "id": "SCREW_FINE", "level": 1 }, { "id": "GLARE", "level": 2 } ], "tools": [ [ [ "large_repairkit", 150 ] ] ], "components": [ [ [ "sheet_metal", 3 ] ], [ [ "spring", 1 ] ], [ [ "duct_tape", 40 ] ] ] },
  { "result": "skorpion82mag", "type": "recipe", "category": "CC_WEAPON", "subcategory": "CSC_WEAPON_MAGAZINES", "skill_used": "fabrication", "difficulty": 6, "skills_required": [ "gun", 4 ], "time": 60000, "reversible": true, "decomp_learn": 4, "qualities": [ { "id": "SAW_M", "level": 1 }, { "id": "HAMMER", "level": 1 }, { "id": "SCREW_FINE", "level": 1 }, { "id": "GLARE", "level": 2 } ], "tools": [ [ [ "large_repairkit", 150 ] ] ], "components": [ [ [ "sheet_metal", 3 ] ], [ [ "spring", 1 ] ], [ [ "duct_tape", 40 ] ] ] },
  { "result": "saiga10mag", "type": "recipe", "category": "CC_WEAPON", "subcategory": "CSC_WEAPON_MAGAZINES", "skill_used": "fabrication", "difficulty": 6, "skills_required": [ "gun", 4 ], "time": 60000, "reversible": true, "decomp_learn": 4, "qualities": [ { "id": "SAW_M", "level": 1 }, { "id": "HAMMER", "level": 1 }, { "id": "SCREW_FINE", "level": 1 }, { "id": "GLARE", "level": 2 } ], "tools": [ [ [ "large_repairkit", 150 ] ] ], "components": [ [ [ "sheet_metal", 3 ] ], [ [ "spring", 1 ] ], [ [ "duct_tape", 40 ] ] ] },
  { "result": "saiga30mag", "type": "recipe", "category": "CC_WEAPON", "subcategory": "CSC_WEAPON_MAGAZINES", "skill_used": "fabrication", "difficulty": 6, "skills_required": [ "gun", 4 ], "time": 60000, "reversible": true, "decomp_learn": 4, "qualities": [ { "id": "SAW_M", "level": 1 }, { "id": "HAMMER", "level": 1 }, { "id": "SCREW_FINE", "level": 1 }, { "id": "GLARE", "level": 2 } ], "tools": [ [ [ "large_repairkit", 150 ] ] ], "components": [ [ [ "sheet_metal", 3 ] ], [ [ "spring", 1 ] ], [ [ "duct_tape", 40 ] ] ] }

]