[
  {
      "//"         :"ブロブ人形(ウシ)のレシピ",
      "type"       : "recipe",
      "result"     : "summon_cow",
      "category"   : "CC_OTHER",
      "subcategory": "CSC_OTHER_OTHER",
      "skill_used" : "cooking",
      "difficulty" : 6,
      "time"       : 60000,
      "autolearn"  : true,
      "qualities"  :[ {"id":"CUT","level":1} ],
      "components" : [
                      [["slime_scrap",4]],
                      [["bone",4]],
                      [["meat",10]]
                     ]
  },{
      "//"         :"ブロブ人形(アルビノペンギン)のレシピ",
      "type"       : "recipe",
      "result"     : "summon_albino_penguin",
      "category"   : "CC_OTHER",
      "subcategory": "CSC_OTHER_OTHER",
      "skill_used" : "cooking",
      "difficulty" : 6,
      "time"       : 60000,
      "autolearn"  : true,
      "qualities"  :[ {"id":"CUT","level":1} ],
      "components" : [
                      [["slime_scrap",4]],
                      [["bone",4]],
                      [["meat",10]]
                     ]
  },{
      "//"         :"ブロブ人形(クマ)のレシピ",
      "type"       : "recipe",
      "result"     : "summon_bear",
      "category"   : "CC_OTHER",
      "subcategory": "CSC_OTHER_OTHER",
      "skill_used" : "cooking",
      "difficulty" : 6,
      "time"       : 60000,
      "autolearn"  : true,
      "qualities"  :[ {"id":"CUT","level":1} ],
      "components" : [
                      [["slime_scrap",4]],
                      [["bone",4]],
                      [["meat",10]]
                     ]
  },{
      "//"         :"ブロブ人形(ネコ)のレシピ",
      "type"       : "recipe",
      "result"     : "summon_cat",
      "category"   : "CC_OTHER",
      "subcategory": "CSC_OTHER_OTHER",
      "skill_used" : "cooking",
      "difficulty" : 6,
      "time"       : 60000,
      "autolearn"  : true,
      "qualities"  :[ {"id":"CUT","level":1} ],
      "components" : [
                      [["slime_scrap",4]],
                      [["bone",4]],
                      [["meat",10]]
                     ]
  },{
      "//"         :"ブロブ人形(ニワトリ)のレシピ",
      "type"       : "recipe",
      "result"     : "summon_chicken",
      "category"   : "CC_OTHER",
      "subcategory": "CSC_OTHER_OTHER",
      "skill_used" : "cooking",
      "difficulty" : 6,
      "time"       : 60000,
      "autolearn"  : true,
      "qualities"  :[ {"id":"CUT","level":1} ],
      "components" : [
                      [["slime_scrap",4]],
                      [["bone",4]],
                      [["meat",10]]
                     ]
  },{
      "//"         :"ブロブ人形(シマリス)のレシピ",
      "type"       : "recipe",
      "result"     : "summon_chipmunk",
      "category"   : "CC_OTHER",
      "subcategory": "CSC_OTHER_OTHER",
      "skill_used" : "cooking",
      "difficulty" : 6,
      "time"       : 60000,
      "autolearn"  : true,
      "qualities"  :[ {"id":"CUT","level":1} ],
      "components" : [
                      [["slime_scrap",4]],
                      [["bone",4]],
                      [["meat",10]]
                     ]
  },{
      "//"         :"ブロブ人形(ビーバー)のレシピ",
      "type"       : "recipe",
      "result"     : "summon_beaver",
      "category"   : "CC_OTHER",
      "subcategory": "CSC_OTHER_OTHER",
      "skill_used" : "cooking",
      "difficulty" : 6,
      "time"       : 60000,
      "autolearn"  : true,
      "qualities"  :[ {"id":"CUT","level":1} ],
      "components" : [
                      [["slime_scrap",4]],
                      [["bone",4]],
                      [["meat",10]]
                     ]
  },{
      "//"         :"ブロブ人形(イヌ)のレシピ",
      "type"       : "recipe",
      "result"     : "summon_dog",
      "category"   : "CC_OTHER",
      "subcategory": "CSC_OTHER_OTHER",
      "skill_used" : "cooking",
      "difficulty" : 6,
      "time"       : 60000,
      "autolearn"  : true,
      "qualities"  :[ {"id":"CUT","level":1} ],
      "components" : [
                      [["slime_scrap",4]],
                      [["bone",4]],
                      [["meat",10]]
                     ]
  },{
      "//"         :"ブロブ人形(カモ)のレシピ",
      "type"       : "recipe",
      "result"     : "summon_duck",
      "category"   : "CC_OTHER",
      "subcategory": "CSC_OTHER_OTHER",
      "skill_used" : "cooking",
      "difficulty" : 6,
      "time"       : 60000,
      "autolearn"  : true,
      "qualities"  :[ {"id":"CUT","level":1} ],
      "components" : [
                      [["slime_scrap",4]],
                      [["bone",4]],
                      [["meat",10]]
                     ]
  },{
      "//"         :"ブロブ人形(キツネ)のレシピ",
      "type"       : "recipe",
      "result"     : "summon_fox",
      "category"   : "CC_OTHER",
      "subcategory": "CSC_OTHER_OTHER",
      "skill_used" : "cooking",
      "difficulty" : 6,
      "time"       : 60000,
      "autolearn"  : true,
      "qualities"  :[ {"id":"CUT","level":1} ],
      "components" : [
                      [["slime_scrap",4]],
                      [["bone",4]],
                      [["meat",10]]
                     ]
  },{
      "//"         :"ブロブ人形(グラウンドホッグ)のレシピ",
      "type"       : "recipe",
      "result"     : "summon_groundhog",
      "category"   : "CC_OTHER",
      "subcategory": "CSC_OTHER_OTHER",
      "skill_used" : "cooking",
      "difficulty" : 6,
      "time"       : 60000,
      "autolearn"  : true,
      "qualities"  :[ {"id":"CUT","level":1} ],
      "components" : [
                      [["slime_scrap",4]],
                      [["bone",4]],
                      [["meat",10]]
                     ]
  },{
      "//"         :"ブロブ人形(ジャックウサギ)のレシピ",
      "type"       : "recipe",
      "result"     : "summon_jackrabbit",
      "category"   : "CC_OTHER",
      "subcategory": "CSC_OTHER_OTHER",
      "skill_used" : "cooking",
      "difficulty" : 6,
      "time"       : 60000,
      "autolearn"  : true,
      "qualities"  :[ {"id":"CUT","level":1} ],
      "components" : [
                      [["slime_scrap",4]],
                      [["bone",4]],
                      [["meat",10]]
                     ]
  },{
      "//"         :"ブロブ人形(ウマ)のレシピ",
      "type"       : "recipe",
      "result"     : "summon_horse",
      "category"   : "CC_OTHER",
      "subcategory": "CSC_OTHER_OTHER",
      "skill_used" : "cooking",
      "difficulty" : 6,
      "time"       : 60000,
      "autolearn"  : true,
      "qualities"  :[ {"id":"CUT","level":1} ],
      "components" : [
                      [["slime_scrap",4]],
                      [["bone",4]],
                      [["meat",10]]
                     ]
  },{
      "//"         :"ブロブ人形(ミンク)のレシピ",
      "type"       : "recipe",
      "result"     : "summon_mink",
      "category"   : "CC_OTHER",
      "subcategory": "CSC_OTHER_OTHER",
      "skill_used" : "cooking",
      "difficulty" : 6,
      "time"       : 60000,
      "autolearn"  : true,
      "qualities"  :[ {"id":"CUT","level":1} ],
      "components" : [
                      [["slime_scrap",4]],
                      [["bone",4]],
                      [["meat",10]]
                     ]
  },{
      "//"         :"ブロブ人形(マスクラット)のレシピ",
      "type"       : "recipe",
      "result"     : "summon_muskrat",
      "category"   : "CC_OTHER",
      "subcategory": "CSC_OTHER_OTHER",
      "skill_used" : "cooking",
      "difficulty" : 6,
      "time"       : 60000,
      "autolearn"  : true,
      "qualities"  :[ {"id":"CUT","level":1} ],
      "components" : [
                      [["slime_scrap",4]],
                      [["bone",4]],
                      [["meat",10]]
                     ]
  },{
      "//"         :"ブロブ人形(オポッサム)のレシピ",
      "type"       : "recipe",
      "result"     : "summon_opossum",
      "category"   : "CC_OTHER",
      "subcategory": "CSC_OTHER_OTHER",
      "skill_used" : "cooking",
      "difficulty" : 6,
      "time"       : 60000,
      "autolearn"  : true,
      "qualities"  :[ {"id":"CUT","level":1} ],
      "components" : [
                      [["slime_scrap",4]],
                      [["bone",4]],
                      [["meat",10]]
                     ]
  },{
      "//"         :"ブロブ人形(カワウソ)のレシピ",
      "type"       : "recipe",
      "result"     : "summon_otter",
      "category"   : "CC_OTHER",
      "subcategory": "CSC_OTHER_OTHER",
      "skill_used" : "cooking",
      "difficulty" : 6,
      "time"       : 60000,
      "autolearn"  : true,
      "qualities"  :[ {"id":"CUT","level":1} ],
      "components" : [
                      [["slime_scrap",4]],
                      [["bone",4]],
                      [["meat",10]]
                     ]
  },{
      "//"         :"ブロブ人形(ブタ)のレシピ",
      "type"       : "recipe",
      "result"     : "summon_pig",
      "category"   : "CC_OTHER",
      "subcategory": "CSC_OTHER_OTHER",
      "skill_used" : "cooking",
      "difficulty" : 6,
      "time"       : 60000,
      "autolearn"  : true,
      "qualities"  :[ {"id":"CUT","level":1} ],
      "components" : [
                      [["slime_scrap",4]],
                      [["bone",4]],
                      [["meat",10]]
                     ]
  },{
      "//"         :"ブロブ人形(巨大ゴキブリ)のレシピ",
      "type"       : "recipe",
      "result"     : "summon_pregnant_giant_cockroach",
      "category"   : "CC_OTHER",
      "subcategory": "CSC_OTHER_OTHER",
      "skill_used" : "cooking",
      "difficulty" : 6,
      "time"       : 60000,
      "autolearn"  : true,
      "qualities"  :[ {"id":"CUT","level":1} ],
      "components" : [
                      [["slime_scrap",4]],
                      [["bone",4]],
                      [["meat",10]]
                     ]
  },{
      "//"         :"ブロブ人形(ウサギ)のレシピ",
      "type"       : "recipe",
      "result"     : "summon_rabbit",
      "category"   : "CC_OTHER",
      "subcategory": "CSC_OTHER_OTHER",
      "skill_used" : "cooking",
      "difficulty" : 6,
      "time"       : 60000,
      "autolearn"  : true,
      "qualities"  :[ {"id":"CUT","level":1} ],
      "components" : [
                      [["slime_scrap",4]],
                      [["bone",4]],
                      [["meat",10]]
                     ]
  },{
      "//"         :"ブロブ人形(アライグマ)のレシピ",
      "type"       : "recipe",
      "result"     : "summon_raccoon",
      "category"   : "CC_OTHER",
      "subcategory": "CSC_OTHER_OTHER",
      "skill_used" : "cooking",
      "difficulty" : 6,
      "time"       : 60000,
      "autolearn"  : true,
      "qualities"  :[ {"id":"CUT","level":1} ],
      "components" : [
                      [["slime_scrap",4]],
                      [["bone",4]],
                      [["meat",10]]
                     ]
  },{
      "//"         :"ブロブ人形(ヒツジ)のレシピ",
      "type"       : "recipe",
      "result"     : "summon_sheep",
      "category"   : "CC_OTHER",
      "subcategory": "CSC_OTHER_OTHER",
      "skill_used" : "cooking",
      "difficulty" : 6,
      "time"       : 60000,
      "autolearn"  : true,
      "qualities"  :[ {"id":"CUT","level":1} ],
      "components" : [
                      [["slime_scrap",4]],
                      [["bone",4]],
                      [["meat",10]]
                     ]
  },{
      "//"         :"ブロブ人形(リス)のレシピ",
      "type"       : "recipe",
      "result"     : "summon_squirrel",
      "category"   : "CC_OTHER",
      "subcategory": "CSC_OTHER_OTHER",
      "skill_used" : "cooking",
      "difficulty" : 6,
      "time"       : 60000,
      "autolearn"  : true,
      "qualities"  :[ {"id":"CUT","level":1} ],
      "components" : [
                      [["slime_scrap",4]],
                      [["bone",4]],
                      [["meat",10]]
                     ]
  },{
      "//"         :"ブロブ人形(イタチ)のレシピ",
      "type"       : "recipe",
      "result"     : "summon_weasel",
      "category"   : "CC_OTHER",
      "subcategory": "CSC_OTHER_OTHER",
      "skill_used" : "cooking",
      "difficulty" : 6,
      "time"       : 60000,
      "autolearn"  : true,
      "qualities"  :[ {"id":"CUT","level":1} ],
      "components" : [
                      [["slime_scrap",4]],
                      [["bone",4]],
                      [["meat",10]]
                     ]
  },{
      "//"         :"ブロブ人形(オオカミ)のレシピ",
      "type"       : "recipe",
      "result"     : "summon_wolf",
      "category"   : "CC_OTHER",
      "subcategory": "CSC_OTHER_OTHER",
      "skill_used" : "cooking",
      "difficulty" : 6,
      "time"       : 60000,
      "autolearn"  : true,
      "qualities"  :[ {"id":"CUT","level":1} ],
      "components" : [
                      [["slime_scrap",4]],
                      [["bone",4]],
                      [["meat",10]]
                     ]
  }
]