[
  {
    "id": "summon_cow",
    "type": "TOOL",
    "symbol": ",",
    "color": "dark_gray",
    "name": "ブロブ人形(ウシ)",
    "description": "世紀末の寂しさを紛らわす為にブロブを練って作った人形です、使用すると・・・?",
    "price": 8400,
    "material": ["silver"],
    "weight": 285,
    "volume": 1,
    "bashing": 1,
    "to_hit": -3,
    "use_action": {
        "type": "place_monster",
        "monster_id": "mon_cow",
        "hostile_msg": "人形が変化しました、しかし様子がおかしいです",
        "friendly_msg": "人形が変化しました、あなたに懐いているみたいです",
        "moves": 60
    }
  },{
    "id": "summon_albino_penguin",
    "type": "TOOL",
    "symbol": ",",
    "color": "dark_gray",
    "name": "ブロブ人形(アルビノペンギン)",
    "description": "世紀末の寂しさを紛らわす為にブロブを練って作った人形です、使用すると・・・?",
    "price": 8400,
    "material": ["silver"],
    "weight": 285,
    "volume": 1,
    "bashing": 1,
    "to_hit": -3,
    "use_action": {
        "type": "place_monster",
        "monster_id": "mon_albino_penguin",
        "difficulty": 5,
        "hostile_msg": "人形が変化しました、しかし様子がおかしいです",
        "friendly_msg": "人形が変化しました、あなたに懐いているみたいです",
        "moves": 60
    }
  },{
    "id": "summon_bear",
    "type": "TOOL",
    "symbol": ",",
    "color": "dark_gray",
    "name": "ブロブ人形(クマ)",
    "description": "世紀末の寂しさを紛らわす為にブロブを練って作った人形です、使用すると・・・?",
    "price": 8400,
    "material": ["silver"],
    "weight": 285,
    "volume": 1,
    "bashing": 1,
    "to_hit": -3,
    "use_action": {
        "type": "place_monster",
        "monster_id": "mon_bear",
        "difficulty": 5,
        "hostile_msg": "人形が変化しました、しかし様子がおかしいです",
        "friendly_msg": "人形が変化しました、あなたに懐いているみたいです",
        "moves": 60
    }
  },{
    "id": "summon_cat",
    "type": "TOOL",
    "symbol": ",",
    "color": "dark_gray",
    "name": "ブロブ人形(ネコ)",
    "description": "世紀末の寂しさを紛らわす為にブロブを練って作った人形です、使用すると・・・?",
    "price": 8400,
    "material": ["silver"],
    "weight": 285,
    "volume": 1,
    "bashing": 1,
    "to_hit": -3,
    "use_action": {
        "type": "place_monster",
        "monster_id": "mon_cat",
        "difficulty": 5,
        "hostile_msg": "人形が変化しました、しかし様子がおかしいです",
        "friendly_msg": "人形が変化しました、あなたに懐いているみたいです",
        "moves": 60
    }
  },{
    "id": "summon_chicken",
    "type": "TOOL",
    "symbol": ",",
    "color": "dark_gray",
    "name": "ブロブ人形(ニワトリ)",
    "description": "世紀末の寂しさを紛らわす為にブロブを練って作った人形です、使用すると・・・?",
    "price": 8400,
    "material": ["silver"],
    "weight": 285,
    "volume": 1,
    "bashing": 1,
    "to_hit": -3,
    "use_action": {
        "type": "place_monster",
        "monster_id": "mon_chicken",
        "difficulty": 5,
        "hostile_msg": "人形が変化しました、しかし様子がおかしいです",
        "friendly_msg": "人形が変化しました、あなたに懐いているみたいです",
        "moves": 60
    }
  },{
    "id": "summon_chipmunk",
    "type": "TOOL",
    "symbol": ",",
    "color": "dark_gray",
    "name": "ブロブ人形(シマリス)",
    "description": "世紀末の寂しさを紛らわす為にブロブを練って作った人形です、使用すると・・・?",
    "price": 8400,
    "material": ["silver"],
    "weight": 285,
    "volume": 1,
    "bashing": 1,
    "to_hit": -3,
    "use_action": {
        "type": "place_monster",
        "monster_id": "mon_chipmunk",
        "difficulty": 5,
        "hostile_msg": "人形が変化しました、しかし様子がおかしいです",
        "friendly_msg": "人形が変化しました、あなたに懐いているみたいです",
        "moves": 60
    }
  },{
    "id": "summon_beaver",
    "type": "TOOL",
    "symbol": ",",
    "color": "dark_gray",
    "name": "ブロブ人形(ビーバー)",
    "description": "世紀末の寂しさを紛らわす為にブロブを練って作った人形です、使用すると・・・?",
    "price": 8400,
    "material": ["silver"],
    "weight": 285,
    "volume": 1,
    "bashing": 1,
    "to_hit": -3,
    "use_action": {
        "type": "place_monster",
        "monster_id": "mon_beaver",
        "difficulty": 5,
        "hostile_msg": "人形が変化しました、しかし様子がおかしいです",
        "friendly_msg": "人形が変化しました、あなたに懐いているみたいです",
        "moves": 60
    }
  },{
    "id": "summon_dog",
    "type": "TOOL",
    "symbol": ",",
    "color": "dark_gray",
    "name": "ブロブ人形(イヌ)",
    "description": "世紀末の寂しさを紛らわす為にブロブを練って作った人形です、使用すると・・・?",
    "price": 8400,
    "material": ["silver"],
    "weight": 285,
    "volume": 1,
    "bashing": 1,
    "to_hit": -3,
    "use_action": {
        "type": "place_monster",
        "monster_id": "mon_dog",
        "difficulty": 5,
        "hostile_msg": "人形が変化しました、しかし様子がおかしいです",
        "friendly_msg": "人形が変化しました、あなたに懐いているみたいです",
        "moves": 60
    }
  },{
    "id": "summon_duck",
    "type": "TOOL",
    "symbol": ",",
    "color": "dark_gray",
    "name": "ブロブ人形(カモ)",
    "description": "世紀末の寂しさを紛らわす為にブロブを練って作った人形です、使用すると・・・?",
    "price": 8400,
    "material": ["silver"],
    "weight": 285,
    "volume": 1,
    "bashing": 1,
    "to_hit": -3,
    "use_action": {
        "type": "place_monster",
        "monster_id": "mon_duck",
        "difficulty": 5,
        "hostile_msg": "人形が変化しました、しかし様子がおかしいです",
        "friendly_msg": "人形が変化しました、あなたに懐いているみたいです",
        "moves": 60
    }
  },{
    "id": "summon_fox",
    "type": "TOOL",
    "symbol": ",",
    "color": "dark_gray",
    "name": "ブロブ人形(キツネ)",
    "description": "世紀末の寂しさを紛らわす為にブロブを練って作った人形です、使用すると・・・?",
    "price": 8400,
    "material": ["silver"],
    "weight": 285,
    "volume": 1,
    "bashing": 1,
    "to_hit": -3,
    "use_action": {
        "type": "place_monster",
        "monster_id": "mon_fox",
        "difficulty": 5,
        "hostile_msg": "人形が変化しました、しかし様子がおかしいです",
        "friendly_msg": "人形が変化しました、あなたに懐いているみたいです",
        "moves": 60
    }
  },{
    "id": "summon_groundhog",
    "type": "TOOL",
    "symbol": ",",
    "color": "dark_gray",
    "name": "ブロブ人形(グラウンドホッグ)",
    "description": "世紀末の寂しさを紛らわす為にブロブを練って作った人形です、使用すると・・・?",
    "price": 8400,
    "material": ["silver"],
    "weight": 285,
    "volume": 1,
    "bashing": 1,
    "to_hit": -3,
    "use_action": {
        "type": "place_monster",
        "monster_id": "mon_groundhog",
        "difficulty": 5,
        "hostile_msg": "人形が変化しました、しかし様子がおかしいです",
        "friendly_msg": "人形が変化しました、あなたに懐いているみたいです",
        "moves": 60
    }
  },{
    "id": "summon_jackrabbit",
    "type": "TOOL",
    "symbol": ",",
    "color": "dark_gray",
    "name": "ブロブ人形(ジャックウサギ)",
    "description": "世紀末の寂しさを紛らわす為にブロブを練って作った人形です、使用すると・・・?",
    "price": 8400,
    "material": ["silver"],
    "weight": 285,
    "volume": 1,
    "bashing": 1,
    "to_hit": -3,
    "use_action": {
        "type": "place_monster",
        "monster_id": "mon_jackrabbit",
        "difficulty": 5,
        "hostile_msg": "人形が変化しました、しかし様子がおかしいです",
        "friendly_msg": "人形が変化しました、あなたに懐いているみたいです",
        "moves": 60
    }
  },{
    "id": "summon_horse",
    "type": "TOOL",
    "symbol": ",",
    "color": "dark_gray",
    "name": "ブロブ人形(ウマ)",
    "description": "世紀末の寂しさを紛らわす為にブロブを練って作った人形です、使用すると・・・?",
    "price": 8400,
    "material": ["silver"],
    "weight": 285,
    "volume": 1,
    "bashing": 1,
    "to_hit": -3,
    "use_action": {
        "type": "place_monster",
        "monster_id": "mon_horse",
        "difficulty": 5,
        "hostile_msg": "人形が変化しました、しかし様子がおかしいです",
        "friendly_msg": "人形が変化しました、あなたに懐いているみたいです",
        "moves": 60
    }
  },{
    "id": "summon_mink",
    "type": "TOOL",
    "symbol": ",",
    "color": "dark_gray",
    "name": "ブロブ人形(ミンク)",
    "description": "世紀末の寂しさを紛らわす為にブロブを練って作った人形です、使用すると・・・?",
    "price": 8400,
    "material": ["silver"],
    "weight": 285,
    "volume": 1,
    "bashing": 1,
    "to_hit": -3,
    "use_action": {
        "type": "place_monster",
        "monster_id": "mon_mink",
        "difficulty": 5,
        "hostile_msg": "人形が変化しました、しかし様子がおかしいです",
        "friendly_msg": "人形が変化しました、あなたに懐いているみたいです",
        "moves": 60
    }
  },{
    "id": "summon_muskrat",
    "type": "TOOL",
    "symbol": ",",
    "color": "dark_gray",
    "name": "ブロブ人形(マスクラット)",
    "description": "世紀末の寂しさを紛らわす為にブロブを練って作った人形です、使用すると・・・?",
    "price": 8400,
    "material": ["silver"],
    "weight": 285,
    "volume": 1,
    "bashing": 1,
    "to_hit": -3,
    "use_action": {
        "type": "place_monster",
        "monster_id": "mon_muskrat",
        "difficulty": 5,
        "hostile_msg": "人形が変化しました、しかし様子がおかしいです",
        "friendly_msg": "人形が変化しました、あなたに懐いているみたいです",
        "moves": 60
    }
  },{
    "id": "summon_opossum",
    "type": "TOOL",
    "symbol": ",",
    "color": "dark_gray",
    "name": "ブロブ人形(オポッサム)",
    "description": "世紀末の寂しさを紛らわす為にブロブを練って作った人形です、使用すると・・・?",
    "price": 8400,
    "material": ["silver"],
    "weight": 285,
    "volume": 1,
    "bashing": 1,
    "to_hit": -3,
    "use_action": {
        "type": "place_monster",
        "monster_id": "mon_opossum",
        "difficulty": 5,
        "hostile_msg": "人形が変化しました、しかし様子がおかしいです",
        "friendly_msg": "人形が変化しました、あなたに懐いているみたいです",
        "moves": 60
    }
  },{
    "id": "summon_otter",
    "type": "TOOL",
    "symbol": ",",
    "color": "dark_gray",
    "name": "ブロブ人形(カワウソ)",
    "description": "世紀末の寂しさを紛らわす為にブロブを練って作った人形です、使用すると・・・?",
    "price": 8400,
    "material": ["silver"],
    "weight": 285,
    "volume": 1,
    "bashing": 1,
    "to_hit": -3,
    "use_action": {
        "type": "place_monster",
        "monster_id": "mon_otter",
        "difficulty": 5,
        "hostile_msg": "人形が変化しました、しかし様子がおかしいです",
        "friendly_msg": "人形が変化しました、あなたに懐いているみたいです",
        "moves": 60
    }
  },{
    "id": "summon_pig",
    "type": "TOOL",
    "symbol": ",",
    "color": "dark_gray",
    "name": "ブロブ人形(ブタ)",
    "description": "世紀末の寂しさを紛らわす為にブロブを練って作った人形です、使用すると・・・?",
    "price": 8400,
    "material": ["silver"],
    "weight": 285,
    "volume": 1,
    "bashing": 1,
    "to_hit": -3,
    "use_action": {
        "type": "place_monster",
        "monster_id": "mon_pig",
        "difficulty": 5,
        "hostile_msg": "人形が変化しました、しかし様子がおかしいです",
        "friendly_msg": "人形が変化しました、あなたに懐いているみたいです",
        "moves": 60
    }
  },{
    "id": "summon_pregnant_giant_cockroach",
    "type": "TOOL",
    "symbol": ",",
    "color": "dark_gray",
    "name": "ブロブ人形(巨大ゴキブリ)",
    "description": "世紀末の寂しさを紛らわす為にブロブを練って作った人形です、使用すると・・・?",
    "price": 8400,
    "material": ["silver"],
    "weight": 285,
    "volume": 1,
    "bashing": 1,
    "to_hit": -3,
    "use_action": {
        "type": "place_monster",
        "monster_id": "mon_pregnant_giant_cockroach",
        "difficulty": 5,
        "hostile_msg": "人形が変化しました、しかし様子がおかしいです",
        "friendly_msg": "人形が変化しました、あなたに懐いているみたいです",
        "moves": 60
    }
  },{
    "id": "summon_rabbit",
    "type": "TOOL",
    "symbol": ",",
    "color": "dark_gray",
    "name": "ブロブ人形(ウサギ)",
    "description": "世紀末の寂しさを紛らわす為にブロブを練って作った人形です、使用すると・・・?",
    "price": 8400,
    "material": ["silver"],
    "weight": 285,
    "volume": 1,
    "bashing": 1,
    "to_hit": -3,
    "use_action": {
        "type": "place_monster",
        "monster_id": "mon_rabbit",
        "difficulty": 5,
        "hostile_msg": "人形が変化しました、しかし様子がおかしいです",
        "friendly_msg": "人形が変化しました、あなたに懐いているみたいです",
        "moves": 60
    }
  },{
    "id": "summon_raccoon",
    "type": "TOOL",
    "symbol": ",",
    "color": "dark_gray",
    "name": "ブロブ人形(アライグマ)",
    "description": "世紀末の寂しさを紛らわす為にブロブを練って作った人形です、使用すると・・・?",
    "price": 8400,
    "material": ["silver"],
    "weight": 285,
    "volume": 1,
    "bashing": 1,
    "to_hit": -3,
    "use_action": {
        "type": "place_monster",
        "monster_id": "mon_raccoon",
        "difficulty": 5,
        "hostile_msg": "人形が変化しました、しかし様子がおかしいです",
        "friendly_msg": "人形が変化しました、あなたに懐いているみたいです",
        "moves": 60
    }
  },{
    "id": "summon_sheep",
    "type": "TOOL",
    "symbol": ",",
    "color": "dark_gray",
    "name": "ブロブ人形(ヒツジ)",
    "description": "世紀末の寂しさを紛らわす為にブロブを練って作った人形です、使用すると・・・?",
    "price": 8400,
    "material": ["silver"],
    "weight": 285,
    "volume": 1,
    "bashing": 1,
    "to_hit": -3,
    "use_action": {
        "type": "place_monster",
        "monster_id": "mon_sheep",
        "difficulty": 5,
        "hostile_msg": "人形が変化しました、しかし様子がおかしいです",
        "friendly_msg": "人形が変化しました、あなたに懐いているみたいです",
        "moves": 60
    }
  },{
    "id": "summon_squirrel",
    "type": "TOOL",
    "symbol": ",",
    "color": "dark_gray",
    "name": "ブロブ人形(リス)",
    "description": "世紀末の寂しさを紛らわす為にブロブを練って作った人形です、使用すると・・・?",
    "price": 8400,
    "material": ["silver"],
    "weight": 285,
    "volume": 1,
    "bashing": 1,
    "to_hit": -3,
    "use_action": {
        "type": "place_monster",
        "monster_id": "mon_squirrel",
        "difficulty": 5,
        "hostile_msg": "人形が変化しました、しかし様子がおかしいです",
        "friendly_msg": "人形が変化しました、あなたに懐いているみたいです",
        "moves": 60
    }
  },{
    "id": "summon_weasel",
    "type": "TOOL",
    "symbol": ",",
    "color": "dark_gray",
    "name": "ブロブ人形(イタチ)",
    "description": "世紀末の寂しさを紛らわす為にブロブを練って作った人形です、使用すると・・・?",
    "price": 8400,
    "material": ["silver"],
    "weight": 285,
    "volume": 1,
    "bashing": 1,
    "to_hit": -3,
    "use_action": {
        "type": "place_monster",
        "monster_id": "mon_weasel",
        "difficulty": 5,
        "hostile_msg": "人形が変化しました、しかし様子がおかしいです",
        "friendly_msg": "人形が変化しました、あなたに懐いているみたいです",
        "moves": 60
    }
  },{
    "id": "summon_wolf",
    "type": "TOOL",
    "symbol": ",",
    "color": "dark_gray",
    "name": "ブロブ人形(オオカミ)",
    "description": "世紀末の寂しさを紛らわす為にブロブを練って作った人形です、使用すると・・・?",
    "price": 8400,
    "material": ["silver"],
    "weight": 285,
    "volume": 1,
    "bashing": 1,
    "to_hit": -3,
    "use_action": {
        "type": "place_monster",
        "monster_id": "mon_wolf",
        "difficulty": 5,
        "hostile_msg": "人形が変化しました、しかし様子がおかしいです",
        "friendly_msg": "人形が変化しました、あなたに懐いているみたいです",
        "moves": 60
    }
  }
]
