[
  {
      "//"         : "種(水素)のレシピ",
      "type"       : "recipe",
      "result"     : "mf_seed_plasma",
      "category"   : "CC_OTHER",
      "subcategory": "CSC_OTHER_OTHER",
      "skill_used" : "cooking",
      "difficulty" : 9,
      "time"       : 5000,
      "autolearn"  : true,
      "qualities"  : [{ "id":"CUT","level":1}],
      "components" : [
                       [["slime_scrap",4]]
                     ]
  },{
      "//"         : "種(螺旋状の石)のレシピ",
      "type": "recipe",
      "result"     : "mf_seed_spiral_stone",
      "category"   : "CC_OTHER",
      "subcategory": "CSC_OTHER_OTHER",
      "skill_used" : "cooking",
      "difficulty" : 6,
      "time"       : 5000,
      "autolearn"  : true,
      "qualities"  : [{ "id":"CUT","level":1}],
      "components" : [
                       [["slime_scrap",4]],
                       [["spiral_stone",1]]
                     ]
  },{
      "//"         : "種(渦流石)のレシピ",
      "type"       : "recipe",
      "result"     : "mf_seed_vortex_stone",
      "category"   : "CC_OTHER",
      "subcategory": "CSC_OTHER_OTHER",
      "skill_used" : "cooking",
      "difficulty" : 6,
      "time"       : 5000,
      "autolearn"  : true,
      "qualities"  : [{ "id":"CUT","level":1}],
      "components" : [
                       [["slime_scrap",4]],
                       [["vortex_stone",1]]
                     ]
  },{
      "//"         : "種(パンティー)のレシピ",
      "type"       : "recipe",
      "result"     : "mf_seed_panties",
      "category"   : "CC_OTHER",
      "subcategory": "CSC_OTHER_OTHER",
      "skill_used" : "cooking",
      "difficulty" : 6,
      "time"       : 5000,
      "autolearn"  : true,
      "qualities"  : [{ "id":"CUT","level":1}],
      "components" : [
                       [["slime_scrap",4]],
                       [["panties",1]]
                     ]
  },{
      "//"         : "種(振動器)のレシピ",
      "type"       : "recipe",
      "result"     : "mf_seed_vibrator",
      "category"   : "CC_OTHER",
      "subcategory": "CSC_OTHER_OTHER",
      "skill_used" : "cooking",
      "difficulty" : 6,
      "time"       : 5000,
      "autolearn"  : true,
      "qualities"  : [{ "id":"CUT","level":1}],
      "components" : [
                       [["slime_scrap",4]],
                       [["vibrator",1]]
                     ]
  },{
      "//"         : "種(コンタクト)のレシピ",
      "type"       : "recipe",
      "result"     : "mf_seed_contacts",
      "category"   : "CC_OTHER",
      "subcategory": "CSC_OTHER_OTHER",
      "skill_used" : "cooking",
      "difficulty" : 6,
      "time"       : 5000,
      "autolearn"  : true,
      "qualities"  : [{ "id":"CUT","level":1}],
      "components" : [
                       [["slime_scrap",4]],
                       [["contacts",1]]
                     ]
  },{
      "//"         : "種(空薬莢(散弾))のレシピ",
      "type"       : "recipe",
      "result"     : "mf_seed_shot_hull",
      "category"   : "CC_OTHER",
      "subcategory": "CSC_OTHER_OTHER",
      "skill_used" : "cooking",
      "difficulty" : 6,
      "time"       : 5000,
      "autolearn"  : true,
      "qualities"  : [{ "id":"CUT","level":1}],
      "components" : [
                       [["slime_scrap",4]],
                       [["shot_hull",1]]
                     ]
  },{
      "//"         : "種(空薬莢(7.62x25mm))のレシピ",
      "type"       : "recipe",
      "result"     : "mf_seed_762_25_casing",
      "category"   : "CC_OTHER",
      "subcategory": "CSC_OTHER_OTHER",
      "skill_used" : "cooking",
      "difficulty" : 6,
      "time"       : 5000,
      "autolearn"  : true,
      "qualities"  : [{ "id":"CUT","level":1}],
      "components" : [
                       [["slime_scrap",4]],
                       [["762_25_casing",1]]
                     ]
  },{
      "//"         : "種(空薬莢(70口径/ニトロエクスプレス))のレシピ",
      "type"       : "recipe",
      "result"     : "mf_seed_700nx_casing",
      "category"   : "CC_OTHER",
      "subcategory": "CSC_OTHER_OTHER",
      "skill_used" : "cooking",
      "difficulty" : 6,
      "time"       : 5000,
      "autolearn"  : true,
      "qualities"  : [{ "id":"CUT","level":1}],
      "components" : [
                       [["slime_scrap",4]],
                       [["700nx_casing",1]]
                     ]
  },{
      "//"         : "種(空薬莢(5.45x39mm))のレシピ",
      "type"       : "recipe",
      "result"     : "mf_seed_545_casing",
      "category"   : "CC_OTHER",
      "subcategory": "CSC_OTHER_OTHER",
      "skill_used" : "cooking",
      "difficulty" : 6,
      "time"       : 5000,
      "autolearn"  : true,
      "qualities"  : [{ "id":"CUT","level":1}],
      "components" : [
                       [["slime_scrap",4]],
                       [["545_casing",1]]
                     ]
  },{
        "//"         : "種(空薬莢(.50口径BMG))のレシピ",
      "type"       : "recipe",
      "result"     : "mf_seed_50_casing",
      "category"   : "CC_OTHER",
      "subcategory": "CSC_OTHER_OTHER",
      "skill_used" : "cooking",
      "difficulty" : 6,
      "time"       : 5000,
      "autolearn"  : true,
      "qualities"  : [{ "id":"CUT","level":1}],
      "components" : [
                       [["slime_scrap",4]],
                       [["50_casing",1]]
                     ]
  },{
      "//"         : "種(空薬莢(.45口径/ACP))のレシピ", 
      "type"       : "recipe",
      "result"     : "mf_seed_45_casing",
      "category"   : "CC_OTHER",
      "subcategory": "CSC_OTHER_OTHER",
      "skill_used" : "cooking",
      "difficulty" : 6,
      "time"       : 5000,
      "autolearn"  : true,
      "qualities"  : [{ "id":"CUT","level":1}],
      "components" : [
                       [["slime_scrap",4]],
                       [["45_casing",1]]
                     ]
  },{ 
      "//"         : "種(空薬莢(.40口径/S&W))のレシピ", 
      "type"       : "recipe",
      "result"     : "mf_seed_40_casing",
      "category"   : "CC_OTHER",
      "subcategory": "CSC_OTHER_OTHER",
      "skill_used" : "cooking",
      "difficulty" : 6,
      "time"       : 5000,
      "autolearn"  : true,
      "qualities"  : [{ "id":"CUT","level":1}],
      "components" : [
                       [["slime_scrap",4]],
                       [["40_casing",1]]
                     ]

  },{
      "//"         : "種(空薬莢(.38口径/スペシャル))のレシピ", 
      "type"       : "recipe",
      "result"     : "mf_seed_38_casing",
      "category"   : "CC_OTHER",
      "subcategory": "CSC_OTHER_OTHER",
      "skill_used" : "cooking",
      "difficulty" : 6,
      "time"       : 5000,
      "autolearn"  : true,
      "qualities"  : [{ "id":"CUT","level":1}],
      "components" : [
                       [["slime_scrap",4]],
                       [["38_casing",1]]
                     ]
  },{
      "//"         : "種(空薬莢(.32口径/ACP))のレシピ", 
      "type"       : "recipe",
      "result"     : "mf_seed_32_casing",
      "category"   : "CC_OTHER",
      "subcategory": "CSC_OTHER_OTHER",
      "skill_used" : "cooking",
      "difficulty" : 6,
      "time"       : 5000,
      "autolearn"  : true,
      "qualities"  : [{ "id":"CUT","level":1}],
      "components" : [
                       [["slime_scrap",4]],
                       [["32_casing",1]]
                     ]
  },{
      "//"         : "種(空薬莢(.308口径))のレシピ", 
      "type"       : "recipe",
      "result"     : "mf_seed_308_casing",
      "category"   : "CC_OTHER",
      "subcategory": "CSC_OTHER_OTHER",
      "skill_used" : "cooking",
      "difficulty" : 6,
      "time"       : 5000,
      "autolearn"  : true,
      "qualities"  : [{ "id":"CUT","level":1}],
      "components" : [
                       [["slime_scrap",4]],
                       [["308_casing",1]]
                     ]
  },{
      "//"         : "種(空薬莢(.30口径/ウィンチェスターマグナム))のレシピ", 
      "type"       : "recipe",
      "result"     : "mf_seed_300_casing",
      "category"   : "CC_OTHER",
      "subcategory": "CSC_OTHER_OTHER",
      "skill_used" : "cooking",
      "difficulty" : 6,
      "time"       : 5000,
      "autolearn"  : true,
      "qualities"  : [{ "id":"CUT","level":1}],
      "components" : [
                       [["slime_scrap",4]],
                       [["300_casing",1]]
                     ]
  },{
      "//"         : "種(空薬莢(.30-06口径))のレシピ", 
      "type"       : "recipe",
      "result"     : "mf_seed_3006_casing",
      "category"   : "CC_OTHER",
      "subcategory": "CSC_OTHER_OTHER",
      "skill_used" : "cooking",
      "difficulty" : 6,
      "time"       : 5000,
      "autolearn"  : true,
      "qualities"  : [{ "id":"CUT","level":1}],
      "components" : [
                       [["slime_scrap",4]],
                       [["3006_casing",1]]
                     ]
  },{
      "//"         : "種(空薬莢(.22口径/LR))のレシピ", 
      "type"       : "recipe",
      "result"     : "mf_seed_22_casing",
      "category"   : "CC_OTHER",
      "subcategory": "CSC_OTHER_OTHER",
      "skill_used" : "cooking",
      "difficulty" : 6,
      "time"       : 5000,
      "autolearn"  : true,
      "qualities"  : [{ "id":"CUT","level":1}],
      "components" : [
                       [["slime_scrap",4]],
                       [["22_casing",1]]
                     ]
  },{
      "//"         : "種(空薬莢(.223口径))のレシピ", 
      "type"       : "recipe",
      "result"     : "mf_seed_223_casing",
      "category"   : "CC_OTHER",
      "subcategory": "CSC_OTHER_OTHER",
      "skill_used" : "cooking",
      "difficulty" : 6,
      "time"       : 5000,
      "autolearn"  : true,
      "qualities"  : [{ "id":"CUT","level":1}],
      "components" : [
                       [["slime_scrap",4]],
                       [["223_casing",1]]
                     ]
  },{
      "//"         : "種(空薬莢(7.62x54mm/R))のレシピ", 
      "type"       : "recipe",
      "result"     : "mf_seed_762R_casing",
      "category"   : "CC_OTHER",
      "subcategory": "CSC_OTHER_OTHER",
      "skill_used" : "cooking",
      "difficulty" : 6,
      "time"       : 5000,
      "autolearn"  : true,
      "qualities"  : [{ "id":"CUT","level":1}],
      "components" : [
                       [["slime_scrap",4]],
                       [["762R_casing",1]]
                     ]
  },{
      "//"         : "種(空薬莢(7.62x39mm))のレシピ", 
      "type"       : "recipe",
      "result"     : "mf_seed_762_casing",
      "category"   : "CC_OTHER",
      "subcategory": "CSC_OTHER_OTHER",
      "skill_used" : "cooking",
      "difficulty" : 6,
      "time"       : 5000,
      "autolearn"  : true,
      "qualities"  : [{ "id":"CUT","level":1}],
      "components" : [
                       [["slime_scrap",4]],
                       [["762_casing",1]]
                     ]
  },{
      "//"         : "種(空薬莢(9mm))のレシピ", 
      "type"       : "recipe",
      "result"     : "mf_seed_9mm_casing",
      "category"   : "CC_OTHER",
      "subcategory": "CSC_OTHER_OTHER",
      "skill_used" : "cooking",
      "difficulty" : 6,
      "time"       : 5000,
      "autolearn"  : true,
      "qualities"  : [{ "id":"CUT","level":1}],
      "components" : [
                       [["slime_scrap",4]],
                       [["9mm_casing",1]]
                     ]
  },{
      "//"         : "種(空薬莢(.454口径/カスール))のレシピ", 
      "type"       : "recipe",
      "result"     : "mf_seed_454_casing",
      "category"   : "CC_OTHER",
      "subcategory": "CSC_OTHER_OTHER",
      "skill_used" : "cooking",
      "difficulty" : 6,
      "time"       : 5000,
      "autolearn"  : true,
      "qualities"  : [{ "id":"CUT","level":1}],
      "components" : [
                       [["slime_scrap",4]],
                       [["454_casing",1]]
                     ]
  },{
      "//"         : "種(空薬莢(.44口径/マグナム))のレシピ", 
      "type"       : "recipe",
      "result"     : "mf_seed_44_casing",
      "category"   : "CC_OTHER",
      "subcategory": "CSC_OTHER_OTHER",
      "skill_used" : "cooking",
      "difficulty" : 6,
      "time"       : 5000,
      "autolearn"  : true,
      "qualities"  : [{ "id":"CUT","level":1}],
      "components" : [
                       [["slime_scrap",4]],
                       [["44_casing",1]]
                     ]
  },{
      "//"         : "種(空薬莢(5.7x28mm))のレシピ", 
      "type"       : "recipe",
      "result"     : "mf_seed_57mm_casing",
      "category"   : "CC_OTHER",
      "subcategory": "CSC_OTHER_OTHER",
      "skill_used" : "cooking",
      "difficulty" : 6,
      "time"       : 5000,
      "autolearn"  : true,
      "qualities"  : [{ "id":"CUT","level":1}],
      "components" : [
                       [["slime_scrap",4]],
                       [["57mm_casing",1]]
                     ]
  },{
      "//"         : "種(空薬莢(.50口径/S&Wマグナム))のレシピ", 
      "type"       : "recipe",
      "result"     : "mf_seed_500_casing",
      "category"   : "CC_OTHER",
      "subcategory": "CSC_OTHER_OTHER",
      "skill_used" : "cooking",
      "difficulty" : 6,
      "time"       : 5000,
      "autolearn"  : true,
      "qualities"  : [{ "id":"CUT","level":1}],
      "components" : [
                       [["slime_scrap",4]],
                       [["500_casing",1]]
                     ]
  },{
      "//"         : "種(空薬莢(9x18mm))のレシピ", 
      "type"       : "recipe",
      "result"     : "mf_seed_9x18mm_casing",
      "category"   : "CC_OTHER",
      "subcategory": "CSC_OTHER_OTHER",
      "skill_used" : "cooking",
      "difficulty" : 6,
      "time"       : 5000,
      "autolearn"  : true,
      "qualities"  : [{ "id":"CUT","level":1}],
      "components" : [
                       [["slime_scrap",4]],
                       [["9x18mm_casing",1]]
                     ]
  },{
      "//"         : "種(空薬莢(4.6x30mm))のレシピ", 
      "type"       : "recipe",
      "result"     : "mf_seed_46mm_casing",
      "category"   : "CC_OTHER",
      "subcategory": "CSC_OTHER_OTHER",
      "skill_used" : "cooking",
      "difficulty" : 6,
      "time"       : 5000,
      "autolearn"  : true,
      "qualities"  : [{ "id":"CUT","level":1}],
      "components" : [
                       [["slime_scrap",4]],
                       [["46mm_casing",1]]
                     ]
  },{
      "//"         : "種(空薬莢(5x50))のレシピ",
      "type"       : "recipe",
      "result"     : "mf_seed_5x50_hull",
      "category"   : "CC_OTHER",
      "subcategory": "CSC_OTHER_OTHER",
      "skill_used" : "cooking",
      "difficulty" : 6,
      "time"       : 5000,
      "autolearn"  : true,
      "qualities"  : [{ "id":"CUT","level":1}],
      "components" : [
                       [["slime_scrap",4]],
                       [["5x50_hull",1]]
                     ]
  }
]