[
  {
      "//"         : "種(銅)のレシピ",
      "type"       : "recipe",
      "result"     : "mf_seed_copper",
      "category"   : "CC_OTHER",
      "subcategory": "CSC_OTHER_OTHER",
      "skill_used" : "cooking",
      "difficulty" : 6,
      "time"       : 5000,
      "autolearn"  : true,
      "qualities"  : [{ "id":"CUT","level":1}],
      "components" : [[["slime_scrap",10]]]
  },{
      "//"         : "種(鉄)のレシピ",
      "type": "recipe",
      "result"     : "mf_seed_iron",
      "category"   : "CC_OTHER",
      "subcategory": "CSC_OTHER_OTHER",
      "skill_used" : "cooking",
      "difficulty" : 6,
      "time"       : 5000,
      "autolearn"  : true,
      "qualities"  : [{ "id":"CUT","level":1}],
      "components" : [[["slime_scrap",10]]]
  },{
      "//"         : "種(銀)のレシピ",
      "type"       : "recipe",
      "result"     : "mf_seed_silver",
      "category"   : "CC_OTHER",
      "subcategory": "CSC_OTHER_OTHER",
      "skill_used" : "cooking",
      "difficulty" : 6,
      "time"       : 5000,
      "autolearn"  : true,
      "qualities"  : [{ "id":"CUT","level":1}],
      "components" : [[["slime_scrap",10]]]
  },{
      "//"         : "種(金)のレシピ",
      "type"       : "recipe",
      "result"     : "mf_seed_gold",
      "category"   : "CC_OTHER",
      "subcategory": "CSC_OTHER_OTHER",
      "skill_used" : "cooking",
      "difficulty" : 6,
      "time"       : 5000,
      "autolearn"  : true,
      "qualities"  : [{ "id":"CUT","level":1}],
      "components" : [[["slime_scrap",10]]]
  },{
      "//"         : "種(アルミニウム)のレシピ",
      "type"       : "recipe",
      "result"     : "mf_seed_aluminum",
      "category"   : "CC_OTHER",
      "subcategory": "CSC_OTHER_OTHER",
      "skill_used" : "cooking",
      "difficulty" : 6,
      "time"       : 5000,
      "autolearn"  : true,
      "qualities"  : [{ "id":"CUT","level":1}],
      "components" : [[["slime_scrap",10]]]
  },{
      "//"         : "種(鉛)のレシピ",
      "type"       : "recipe",
      "result"     : "mf_seed_lead",
      "category"   : "CC_OTHER",
      "subcategory": "CSC_OTHER_OTHER",
      "skill_used" : "cooking",
      "difficulty" : 6,
      "time"       : 5000,
      "autolearn"  : true,
      "qualities"  : [{ "id":"CUT","level":1}],
      "components" : [[["slime_scrap",10]]]
  },{
      "//"         : "種(硝石)のレシピ",
      "type"       : "recipe",
      "result"     : "mf_seed_saltpeter",
      "category"   : "CC_OTHER",
      "subcategory": "CSC_OTHER_OTHER",
      "skill_used" : "cooking",
      "difficulty" : 6,
      "time"       : 5000,
      "autolearn"  : true,
      "qualities"  : [{ "id":"CUT","level":1}],
      "components" : [[["slime_scrap",10]]]
  },{
      "//"         : "種(石炭)のレシピ",
      "type"       : "recipe",
      "result"     : "mf_seed_coal",
      "category"   : "CC_OTHER",
      "subcategory": "CSC_OTHER_OTHER",
      "skill_used" : "cooking",
      "difficulty" : 6,
      "time"       : 5000,
      "autolearn"  : true,
      "qualities"  : [{ "id":"CUT","level":1}],
      "components" : [[["slime_scrap",10]]]
  },{
      "//"         : "種(硫黄)のレシピ",
      "type"       : "recipe",
      "result"     : "mf_seed_sulfur",
      "category"   : "CC_OTHER",
      "subcategory": "CSC_OTHER_OTHER",
      "skill_used" : "cooking",
      "difficulty" : 6,
      "time"       : 5000,
      "autolearn"  : true,
      "qualities"  : [{ "id":"CUT","level":1}],
      "components" : [[["slime_scrap",10]]]
  },{
      "//"         : "種(錫)のレシピ",
      "type"       : "recipe",
      "result"     : "mf_seed_tin",
      "category"   : "CC_OTHER",
      "subcategory": "CSC_OTHER_OTHER",
      "skill_used" : "cooking",
      "difficulty" : 6,
      "time"       : 5000,
      "autolearn"  : true,
      "qualities"  : [{ "id":"CUT","level":1}],
      "components" : [[["slime_scrap",10]]]
  },{
        "//"         : "種(ダイヤモンド)のレシピ",
      "type"       : "recipe",
      "result"     : "mf_seed_diamond",
      "category"   : "CC_OTHER",
      "subcategory": "CSC_OTHER_OTHER",
      "skill_used" : "cooking",
      "difficulty" : 6,
      "time"       : 5000,
      "autolearn"  : true,
      "qualities"  : [{ "id":"CUT","level":1}],
      "components" : [[["slime_scrap",10]]]
  },{
      "//"         : "種(火薬)のレシピ", 
      "type"       : "recipe",
      "result"     : "mf_seed_gunpowder",
      "category"   : "CC_OTHER",
      "subcategory": "CSC_OTHER_OTHER",
      "skill_used" : "cooking",
      "difficulty" : 6,
      "time"       : 5000,
      "autolearn"  : true,
      "qualities"  : [{ "id":"CUT","level":1}],
      "components" : [[["slime_scrap",10]]]
  },{ 
      "//"         : "種(酸化クロム)のレシピ", 
      "type"       : "recipe",
      "result"     : "mf_seed_chromium_oxide",
      "category"   : "CC_OTHER",
      "subcategory": "CSC_OTHER_OTHER",
      "skill_used" : "cooking",
      "difficulty" : 6,
      "time"       : 5000,
      "autolearn"  : true,
      "qualities"  : [{ "id":"CUT","level":1}],
      "components" : [[["slime_scrap",10]]]
  },{ 
      "//"         : "種(ヘキサミン)のレシピ", 
      "type"       : "recipe",
      "result"     : "mf_seed_chem_hexamine",
      "category"   : "CC_OTHER",
      "subcategory": "CSC_OTHER_OTHER",
      "skill_used" : "cooking",
      "difficulty" : 6,
      "time"       : 5000,
      "autolearn"  : true,
      "qualities"  : [{ "id":"CUT","level":1}],
      "components" : [[["slime_scrap",10]]]
  },{
      "//"         : "種(亜鉛)のレシピ", 
      "type"       : "recipe",
      "result"     : "mf_seed_chem_zinc_powder",
      "category"   : "CC_OTHER",
      "subcategory": "CSC_OTHER_OTHER",
      "skill_used" : "cooking",
      "difficulty" : 6,
      "time"       : 5000,
      "autolearn"  : true,
      "qualities"  : [{ "id":"CUT","level":1}],
      "components" : [[["slime_scrap",10]]]
  },{
      "//"         : "種(マグネシウム)のレシピ",
      "type"       : "recipe",
      "result"     : "mf_seed_magnesium",
      "category"   : "CC_OTHER",
      "subcategory": "CSC_OTHER_OTHER",
      "skill_used" : "cooking",
      "difficulty" : 6,
      "time"       : 5000,
      "autolearn"  : true,
      "qualities"  : [{ "id":"CUT","level":1}],
      "components" : [[["slime_scrap",10]]]
  }
]