[
  {
      "type"            : "COMESTIBLE",
      "id"              : "mf_seed_curry_powder",
      "name"            : "種(カレーパウダー)",
      "description"     : "どういうわけかカレーパウダーが実る作物の種です。成長したらカレーパウダーが収穫できます。",
      "category"        : "other",
      "material"        : "fruit",
      "color"           : "green",
      "symbol"          : ".",
      "use_action"      : "SEED",
      "weight"          : 1,
      "volume"          : 1,
      "stack_size"      : 100,
      "charges"         : 1,
      "fun"             : 0,
      "price"           : 100,
      "seed_data"       : {
                            "plant_name": "カレーパウダー",
                            "fruit": "curry_powder",
                            "byproducts": [ "withered" ],
                            "grow"      : 61
                          }
  },{
      "type"            : "COMESTIBLE",
      "id"              : "mf_seed_chilly-p",
      "name"            : "種(チリペッパー)",
      "description"     : "どういうわけかチリペッパーが実る作物の種です。成長したらチリペッパーが収穫できます。",
      "category"        : "other",
      "material"        : "fruit",
      "color"           : "green",
      "symbol"          : ".",
      "use_action"      : "SEED",
      "weight"          : 1,
      "volume"          : 1,
      "stack_size"      : 100,
      "charges"         : 1,
      "fun"             : 0,
      "price"           : 100,
      "seed_data"       : {
                            "plant_name": "チリペッパー",
                            "fruit": "chilly-p",
                            "byproducts": [ "withered" ],
                            "grow"      : 61
                          }
  },{
      "type"            : "COMESTIBLE",
      "id"              : "mf_seed_cinnamon",
      "name"            : "種(シナモン)",
      "description"     : "どういうわけかシナモンが実る作物の種です。成長したらシナモンが収穫できます。",
      "category"        : "other",
      "material"        : "fruit",
      "color"           : "green",
      "symbol"          : ".",
      "use_action"      : "SEED",
      "weight"          : 1,
      "volume"          : 1,
      "stack_size"      : 100,
      "charges"         : 1,
      "fun"             : 0,
      "price"           : 100,
      "seed_data"       : {
                            "plant_name": "シナモン",
                            "fruit": "cinnamon",
                            "byproducts": [ "withered" ],
                            "grow"      : 61
                          }
  },{
      "type"            : "COMESTIBLE",
      "id"              : "mf_seed_human_flesh",
      "name"            : "種(人肉)",
      "description"     : "どういうわけか人肉が実る作物の種です。誰の肉かって?考えない方が身の為ですよ",
      "category"        : "other",
      "material"        : "fruit",
      "color"           : "green",
      "symbol"          : ".",
      "use_action"      : "SEED",
      "weight"          : 1,
      "volume"          : 1,
      "stack_size"      : 100,
      "charges"         : 1,
      "fun"             : 0,
      "price"           : 100,
      "seed_data"       : {
                            "plant_name": "人肉",
                            "fruit": "human_flesh",
                            "byproducts": [ "withered" ],
                            "grow"      : 61
                          }
  },{
      "type"            : "COMESTIBLE",
      "id"              : "mf_seed_plant_sac",
      "name"            : "種(流体嚢)",
      "description"     : "どういうわけか流体嚢が実る作物の種です。成長したら流体嚢が収穫できます。",

      "category"        : "other",
      "material"        : "fruit",
      "color"           : "green",
      "symbol"          : ".",
      "use_action"      : "SEED",
      "weight"          : 1,
      "volume"          : 1,
      "stack_size"      : 100,
      "charges"         : 1,
      "fun"             : 0,
      "price"           : 100,
      "seed_data"       : {
                            "plant_name": "流体嚢",
                            "fruit": "plant_sac",
                            "byproducts": [ "withered" ],
                            "grow"      : 61
                          }
  },{
      "type"            : "COMESTIBLE",
      "id"              : "mf_seed_veggy",
      "name"            : "種(マローカボチャ)",
      "description"     : "どういうわけかマローカボチャが実る作物の種です。成長したらマローカボチャが収穫できます。",
      "category"        : "other",
      "material"        : "fruit",
      "color"           : "green",
      "symbol"          : ".",
      "use_action"      : "SEED",
      "weight"          : 1,
      "volume"          : 1,
      "stack_size"      : 100,
      "charges"         : 1,
      "fun"             : 0,
      "price"           : 100,
      "seed_data"       : {
                            "plant_name": "マローカボチャ",
                            "fruit": "veggy",
                            "byproducts": [ "withered" ],
                            "grow"      : 61
                          }
  },{
      "type"            : "COMESTIBLE",
      "id"              : "mf_seed_coffee_bean",
      "name"            : "種(コーヒー豆)",
      "description"     : "どういうわけかコーヒー豆が実る作物の種です。成長したらコーヒー豆が収穫できます。",

      "category"        : "other",
      "material"        : "fruit",
      "color"           : "green",
      "symbol"          : ".",
      "use_action"      : "SEED",
      "weight"          : 1,
      "volume"          : 1,
      "stack_size"      : 100,
      "charges"         : 1,
      "fun"             : 0,
      "price"           : 100,
      "seed_data"       : {
                            "plant_name": "コーヒー豆",
                            "fruit": "coffee_bean",
                            "byproducts": [ "withered" ],
                            "grow"      : 61
                          }
  },{
      "type"            : "COMESTIBLE",
      "id"              : "mf_seed_honny_comb",
      "name"            : "種(ハチの巣)",
      "description"     : "どういうわけかハチの巣が実る作物の種です。成長したらハチの巣が収穫できます。",

      "category"        : "other",
      "material"        : "fruit",
      "color"           : "green",
      "symbol"          : ".",
      "use_action"      : "SEED",
      "weight"          : 1,
      "volume"          : 1,
      "stack_size"      : 100,
      "charges"         : 1,
      "fun"             : 0,
      "price"           : 100,
      "seed_data"       : {
                            "plant_name": "ハチの巣",
                            "fruit": "honeycomb",
                            "byproducts": [ "withered" ],
                            "grow"      : 61
                          }
  },{
      "type"            : "COMESTIBLE",
      "id"              : "mf_seed_mycus_fruit",
      "name"            : "種(ミカズフルーツ)",
      "description"     : "我々は種子を得た。ミカズに栄えあれ",
      "category"        : "other",
      "material"        : "fruit",
      "color"           : "green",
      "symbol"          : ".",
      "use_action"      : "SEED",
      "weight"          : 1,
      "volume"          : 1,
      "stack_size"      : 100,
      "charges"         : 1,
      "fun"             : 0,
      "price"           : 100,
      "seed_data"       : {
                            "plant_name": "ミカズフルーツ",
                            "fruit": "mycus_fruit",
                            "byproducts": [ "withered" ],
                            "grow"      : 91
                          }
  },{
      "type"            : "COMESTIBLE",
      "id"              : "mf_seed_bacon",
      "name"            : "種(ベーコン)",
      "description"     : "どういうわけかベーコンが実る作物の種です。bacon is GOD",
      "category"        : "other",
      "material"        : "fruit",
      "color"           : "green",
      "symbol"          : ".",
      "use_action"      : "SEED",
      "weight"          : 1,
      "volume"          : 1,
      "stack_size"      : 100,
      "charges"         : 1,
      "fun"             : 0,
      "price"           : 100,
      "seed_data"       : {
                            "plant_name": "ベーコン",
                            "fruit": "bacon",
                            "byproducts": [ "withered" ],
                            "grow"      : 61
                          }
  },{
      "type"            : "COMESTIBLE",
      "id"              : "mf_seed_raw_beans",
      "name"            : "種(生豆)",
      "description"     : "どういうわけか生豆が実る作物の種です。成長したら生豆が収穫できます。",
      "category"        : "other",
      "material"        : "fruit",
      "color"           : "green",
      "symbol"          : ".",
      "use_action"      : "SEED",
      "weight"          : 1,
      "volume"          : 1,
      "stack_size"      : 100,
      "charges"         : 1,
      "fun"             : 0,
      "price"           : 100,
      "seed_data"       : {
                            "plant_name": "生豆",
                            "fruit": "raw_beans",
                            "byproducts": [ "withered" ],
                            "grow"      : 61
                          }
  },{
      "type"            : "COMESTIBLE",
      "id"              : "mf_seed_meat",
      "name"            : "種(肉)",
      "description"     : "どういうわけか肉が実る作物の種です。成長したら肉が収穫できます。",
      "category"        : "other",
      "material"        : "fruit",
      "color"           : "green",
      "symbol"          : ".",
      "use_action"      : "SEED",
      "weight"          : 1,
      "volume"          : 1,
      "stack_size"      : 100,
      "charges"         : 1,
      "fun"             : 0,
      "price"           : 100,
      "seed_data"       : {
                            "plant_name": "肉",
                            "fruit": "meat",
                            "byproducts": [ "withered" ],
                            "grow"      : 61
                          }
  },{
      "type"            : "COMESTIBLE",
      "id"              : "mf_seed_egg_bird",
      "name"            : "種(卵(鳥))",
      "description"     : "どういうわけか鳥の卵が実る作物の種です。成長したら鳥の卵が収穫できます。",
      "category"        : "other",
      "material"        : "fruit",
      "color"           : "green",
      "symbol"          : ".",
      "use_action"      : "SEED",
      "weight"          : 1,
      "volume"          : 1,
      "stack_size"      : 100,
      "charges"         : 1,
      "fun"             : 0,
      "price"           : 100,
      "seed_data"       : {
                            "plant_name": "卵(鳥)",
                            "fruit": "mf_seed_egg_bird",
                            "byproducts": [ "withered" ],
                            "grow"      : 61
                          }
  },{
      "type"            : "COMESTIBLE",
      "id"              : "mf_seed_dry_rice",
      "name"            : "稲",
      "description"     : "米が実る作物の種もみです。おっと、これはジャポニカ種ですね",
      "category"        : "other",
      "material"        : "fruit",
      "color"           : "green",
      "symbol"          : ".",
      "use_action"      : "SEED",
      "weight"          : 1,
      "volume"          : 1,
      "stack_size"      : 100,
      "charges"         : 1,
      "fun"             : 0,
      "price"           : 100,
      "seed_data"       : {
                            "plant_name": "稲",
                            "fruit": "dry_rice",
                            "byproducts": [ "withered" ],
                            "grow"      : 61
                          }
  },{
      "type"            : "COMESTIBLE",
      "id"              : "mf_seed_milk_powder",
      "name"            : "種(粉ミルク)",
      "description"     : "どういうわけか粉ミルクが実る作物の種です。成長したら粉ミルクが収穫できます。",
      "category"        : "other",
      "material"        : "fruit",
      "color"           : "green",
      "symbol"          : ".",
      "use_action"      : "SEED",
      "weight"          : 1,
      "volume"          : 1,
      "stack_size"      : 100,
      "charges"         : 1,
      "fun"             : 0,
      "price"           : 100,
      "seed_data"       : {
                            "plant_name": "粉ミルク",
                            "fruit": "milk_powder",
                            "byproducts": [ "withered" ],
                            "grow"      : 61
                          }
  },{
      "type"            : "COMESTIBLE",
      "id"              : "mf_seed_jihelucake",
      "name"            : "種(ケーキ)",
      "description"     : "どういうわけかケーキが実る作物の種です。テストが終わったら植えましょう",
      "category"        : "other",
      "material"        : "fruit",
      "color"           : "green",
      "symbol"          : ".",
      "use_action"      : "SEED",
      "weight"          : 1,
      "volume"          : 1,
      "stack_size"      : 100,
      "charges"         : 1,
      "fun"             : 0,
      "price"           : 100,
      "seed_data"       : {
                            "plant_name": "ケーキ",
                            "fruit": "jihelucake",
                            "byproducts": [ "withered" ],
                            "grow"      : 91 
                          }
  },{
      "type"            : "COMESTIBLE",
      "id"              : "mf_seed_deluxe_rice",
      "name"            : "種(炒飯)",
      "description"     : "どういうわけか炒飯が実る作物の種です。成長したら炒飯が収穫できます。",
      "category"        : "other",
      "material"        : "fruit",
      "color"           : "green",
      "symbol"          : ".",
      "use_action"      : "SEED",
      "weight"          : 1,
      "volume"          : 1,
      "stack_size"      : 100,
      "charges"         : 1,
      "fun"             : 0,
      "price"           : 100,
      "seed_data"       : {
                            "plant_name": "炒飯",
                            "fruit": "deluxe_rice",
                            "byproducts": [ "withered" ],
                            "grow"      : 61 
                          }
  },{
      "type"            : "COMESTIBLE",
      "id"              : "mf_seed_pizza_cheese",
      "name"            : "種(ピザ(チーズ))",
      "description"     : "どういうわけかピザが実る作物の種です。カワバンガ！",
      "category"        : "other",
      "material"        : "fruit",
      "color"           : "green",
      "symbol"          : ".",
      "use_action"      : "SEED",
      "weight"          : 1,
      "volume"          : 1,
      "stack_size"      : 100,
      "charges"         : 1,
      "fun"             : 0,
      "price"           : 100,
      "seed_data"       : {
                            "plant_name": "ピザ(チーズ)",
                            "fruit": "pizza_cheese",
                            "byproducts": [ "withered" ],
                            "grow"      : 61 
                          }
  }
]